Start_id,End_id,Relation
200122201002,200122201001,PREV
200122201003,200122201002,PREV
200122201004,200122201003,PREV
200122201005,200122201004,PREV
200122202006,200122202005,PREV
200122202007,200122202006,PREV
200122202008,200122202007,PREV
200122202009,200122202008,PREV
200122202010,200122202009,PREV
200122203011,200122203010,PREV
213202101002,213202101001,PREV
213202102003,213202102002,PREV
213202102004,213202102003,PREV
213202102005,213202102004,PREV
213202102006,213202102005,PREV
213202102007,213202102006,PREV
213202102008,213202102007,PREV
213202102009,213202102008,PREV
213202102010,213202102009,PREV
213202102011,213202102010,PREV
213202102012,213202102011,PREV
213202102013,213202102012,PREV
213202102014,213202102013,PREV
213202102015,213202102014,PREV
213202103016,213202103015,PREV
213791501002,213791501001,PREV
213791501003,213791501002,PREV
213791502004,213791502003,PREV
213791503005,213791503004,PREV
213791503006,213791503005,PREV
213791503007,213791503006,PREV
213791503008,213791503007,PREV
213791503009,213791503008,PREV
213791503010,213791503009,PREV
213791503011,213791503010,PREV
213791503012,213791503011,PREV
213791503013,213791503012,PREV
213791503014,213791503013,PREV
213791503015,213791503014,PREV
213791503016,213791503015,PREV
213791503017,213791503016,PREV
213791503018,213791503017,PREV
213791503019,213791503018,PREV
213791503020,213791503019,PREV
213791503021,213791503020,PREV
213791503022,213791503021,PREV
213791503023,213791503022,PREV
213791503024,213791503023,PREV
213791503025,213791503024,PREV
213791503026,213791503025,PREV
213791503027,213791503026,PREV
213791503028,213791503027,PREV
213791503029,213791503028,PREV
213791503030,213791503029,PREV
213791503031,213791503030,PREV
213791503032,213791503031,PREV
213791503033,213791503032,PREV
213791503034,213791503033,PREV
213791503035,213791503034,PREV
213791503036,213791503035,PREV
213791503037,213791503036,PREV
213791503038,213791503037,PREV
213791503039,213791503038,PREV
213791503040,213791503039,PREV
213791503041,213791503040,PREV
213791503042,213791503041,PREV
213791503043,213791503042,PREV
213791503044,213791503043,PREV
213791503045,213791503044,PREV
213791503046,213791503045,PREV
213791503047,213791503046,PREV
213791503048,213791503047,PREV
213791503049,213791503048,PREV
213791503050,213791503049,PREV
213791503051,213791503050,PREV
213791503052,213791503051,PREV
213791503053,213791503052,PREV
213791503054,213791503053,PREV
213791504055,213791504054,PREV
213791504056,213791504055,PREV
213791504057,213791504056,PREV
213791504058,213791504057,PREV
213791504059,213791504058,PREV
213791504060,213791504059,PREV
213791504061,213791504060,PREV
213791504062,213791504061,PREV
213791504063,213791504062,PREV
213791504064,213791504063,PREV
213791504065,213791504064,PREV
213791504066,213791504065,PREV
213791504067,213791504066,PREV
213791504068,213791504067,PREV
213791504069,213791504068,PREV
213791504070,213791504069,PREV
213791504071,213791504070,PREV
213791504072,213791504071,PREV
213791504073,213791504072,PREV
213791504074,213791504073,PREV
213791504075,213791504074,PREV
213791504076,213791504075,PREV
213791504077,213791504076,PREV
213791504078,213791504077,PREV
213791504079,213791504078,PREV
213791504080,213791504079,PREV
213791505081,213791505080,PREV
213791505082,213791505081,PREV
213791505083,213791505082,PREV
213791505084,213791505083,PREV
213791505085,213791505084,PREV
213791505086,213791505085,PREV
213791505087,213791505086,PREV
213791505088,213791505087,PREV
213791505089,213791505088,PREV
213791505090,213791505089,PREV
213791505091,213791505090,PREV
213791505092,213791505091,PREV
213791505093,213791505092,PREV
213791505094,213791505093,PREV
213791505095,213791505094,PREV
213791505096,213791505095,PREV
213791505097,213791505096,PREV
213791505098,213791505097,PREV
213791505099,213791505098,PREV
213791505100,213791505099,PREV
213791505101,213791505100,PREV
213791505102,213791505101,PREV
213791505103,213791505102,PREV
213791505104,213791505103,PREV
213791505105,213791505104,PREV
213791505106,213791505105,PREV
213791505107,213791505106,PREV
213791505108,213791505107,PREV
213791505109,213791505108,PREV
213791505110,213791505109,PREV
213791505111,213791505110,PREV
213791505112,213791505111,PREV
213791505113,213791505112,PREV
213791505114,213791505113,PREV
213791505115,213791505114,PREV
213791505116,213791505115,PREV
213791505117,213791505116,PREV
213791506118,213791506117,PREV
213791506119,213791506118,PREV
213791506120,213791506119,PREV
213791506121,213791506120,PREV
213791506122,213791506121,PREV
213791506123,213791506122,PREV
213791506124,213791506123,PREV
213791506125,213791506124,PREV
213791506126,213791506125,PREV
213791506127,213791506126,PREV
213791506128,213791506127,PREV
213791506129,213791506128,PREV
213791506130,213791506129,PREV
213791506131,213791506130,PREV
213791506132,213791506131,PREV
213791506133,213791506132,PREV
213791506134,213791506133,PREV
213791506135,213791506134,PREV
213791506136,213791506135,PREV
213791506137,213791506136,PREV
213791506138,213791506137,PREV
213791506139,213791506138,PREV
213791506140,213791506139,PREV
213791506141,213791506140,PREV
213791506142,213791506141,PREV
213791506143,213791506142,PREV
213791507144,213791507143,PREV
213791507145,213791507144,PREV
213791507146,213791507145,PREV
213791507147,213791507146,PREV
213791507148,213791507147,PREV
213791507149,213791507148,PREV
213791507150,213791507149,PREV
213791507151,213791507150,PREV
213791507152,213791507151,PREV
213791507153,213791507152,PREV
213791507154,213791507153,PREV
213791507155,213791507154,PREV
213791507156,213791507155,PREV
213791507157,213791507156,PREV
213791507158,213791507157,PREV
213791507159,213791507158,PREV
213791507160,213791507159,PREV
213791507161,213791507160,PREV
213791507162,213791507161,PREV
213791507163,213791507162,PREV
213791507164,213791507163,PREV
213791507165,213791507164,PREV
213791507166,213791507165,PREV
213791507167,213791507166,PREV
213791507168,213791507167,PREV
213791507169,213791507168,PREV
213791507170,213791507169,PREV
213791507171,213791507170,PREV
213791507172,213791507171,PREV
213791507173,213791507172,PREV
213791507174,213791507173,PREV
213791507175,213791507174,PREV
213791507176,213791507175,PREV
213791507177,213791507176,PREV
213791507178,213791507177,PREV
213791507179,213791507178,PREV
213791507180,213791507179,PREV
213791508181,213791508180,PREV
213791508182,213791508181,PREV
213791508183,213791508182,PREV
213791508184,213791508183,PREV
213791508185,213791508184,PREV
213791508186,213791508185,PREV
213791508187,213791508186,PREV
213791508188,213791508187,PREV
213791508189,213791508188,PREV
213791508190,213791508189,PREV
213791508191,213791508190,PREV
213791508192,213791508191,PREV
213791508193,213791508192,PREV
213791508194,213791508193,PREV
213791508195,213791508194,PREV
213791508196,213791508195,PREV
213791508197,213791508196,PREV
213791508198,213791508197,PREV
213791508199,213791508198,PREV
213791508200,213791508199,PREV
213791508201,213791508200,PREV
213791508202,213791508201,PREV
213791508203,213791508202,PREV
213791508204,213791508203,PREV
213791508205,213791508204,PREV
213791508206,213791508205,PREV
213791509207,213791509206,PREV
213791509208,213791509207,PREV
213791509209,213791509208,PREV
213791509210,213791509209,PREV
213791509211,213791509210,PREV
213791509212,213791509211,PREV
213791509213,213791509212,PREV
213791509214,213791509213,PREV
213791509215,213791509214,PREV
213791509216,213791509215,PREV
213791509217,213791509216,PREV
213791509218,213791509217,PREV
213791509219,213791509218,PREV
213791509220,213791509219,PREV
213791509221,213791509220,PREV
213791509222,213791509221,PREV
213791509223,213791509222,PREV
213791509224,213791509223,PREV
213791509225,213791509224,PREV
213791509226,213791509225,PREV
213791509227,213791509226,PREV
213791509228,213791509227,PREV
213791509229,213791509228,PREV
213791509230,213791509229,PREV
213791509231,213791509230,PREV
213791509232,213791509231,PREV
213791509233,213791509232,PREV
213791509234,213791509233,PREV
213791509235,213791509234,PREV
213791509236,213791509235,PREV
213791510237,213791510236,PREV
213791510238,213791510237,PREV
213791510239,213791510238,PREV
213791510240,213791510239,PREV
213791510241,213791510240,PREV
213791510242,213791510241,PREV
213791510243,213791510242,PREV
213791510244,213791510243,PREV
213791510245,213791510244,PREV
213791510246,213791510245,PREV
213791510247,213791510246,PREV
213791510248,213791510247,PREV
213791510249,213791510248,PREV
213791510250,213791510249,PREV
213791510251,213791510250,PREV
213791510252,213791510251,PREV
213791510253,213791510252,PREV
213791510254,213791510253,PREV
213791510255,213791510254,PREV
213791510256,213791510255,PREV
213791510257,213791510256,PREV
213791510258,213791510257,PREV
213791510259,213791510258,PREV
213791510260,213791510259,PREV
213791510261,213791510260,PREV
213791510262,213791510261,PREV
213791510263,213791510262,PREV
213791510264,213791510263,PREV
213791510265,213791510264,PREV
213791510266,213791510265,PREV
213791510267,213791510266,PREV
213791510268,213791510267,PREV
213791510269,213791510268,PREV
213791510270,213791510269,PREV
213791510271,213791510270,PREV
213791510272,213791510271,PREV
213791510273,213791510272,PREV
213791510274,213791510273,PREV
213791510275,213791510274,PREV
213791510276,213791510275,PREV
213791510277,213791510276,PREV
213791510278,213791510277,PREV
213791510279,213791510278,PREV
213791510280,213791510279,PREV
213791510281,213791510280,PREV
213791510282,213791510281,PREV
213791510283,213791510282,PREV
213791510284,213791510283,PREV
213791510285,213791510284,PREV
213791510286,213791510285,PREV
213791510287,213791510286,PREV
213791510288,213791510287,PREV
213791511289,213791511288,PREV
213791511290,213791511289,PREV
213791511291,213791511290,PREV
213791511292,213791511291,PREV
213791511293,213791511292,PREV
213791511294,213791511293,PREV
213791512295,213791512294,PREV
213791512296,213791512295,PREV
213791512297,213791512296,PREV
213791513298,213791513297,PREV
213791513299,213791513298,PREV
213791514300,213791514299,PREV
213791514301,213791514300,PREV
213791514302,213791514301,PREV
213791514303,213791514302,PREV
213791514304,213791514303,PREV
213791514305,213791514304,PREV
213791515306,213791515305,PREV
213791515307,213791515306,PREV
213791515308,213791515307,PREV
213791516309,213791516308,PREV
213791516310,213791516309,PREV
213791517311,213791517310,PREV
213791517312,213791517311,PREV
213791518313,213791518312,PREV
213791518314,213791518313,PREV
216131901002,216131901001,PREV
216131901003,216131901002,PREV
216131901004,216131901003,PREV
216131901005,216131901004,PREV
216131901006,216131901005,PREV
216131901007,216131901006,PREV
216131901008,216131901007,PREV
216131901009,216131901008,PREV
216131902010,216131902009,PREV
216131902011,216131902010,PREV
216131902012,216131902011,PREV
216131902013,216131902012,PREV
216131902014,216131902013,PREV
216131902015,216131902014,PREV
216131903016,216131903015,PREV
216131903017,216131903016,PREV
216131904018,216131904017,PREV
216131904019,216131904018,PREV
216131905020,216131905019,PREV
216131906021,216131906020,PREV
216131906022,216131906021,PREV
201762201002,201762201001,PREV
201762201003,201762201002,PREV
201762201004,201762201003,PREV
201762202005,201762202004,PREV
201762202006,201762202005,PREV
201762202007,201762202006,PREV
201762202008,201762202007,PREV
201762202009,201762202008,PREV
201762202010,201762202009,PREV
201762203011,201762203010,PREV
201762203012,201762203011,PREV
201762203013,201762203012,PREV
201762203014,201762203013,PREV
201762203015,201762203014,PREV
201762203016,201762203015,PREV
201762203017,201762203016,PREV
201762203018,201762203017,PREV
201762203019,201762203018,PREV
201762203020,201762203019,PREV
201762203021,201762203020,PREV
201762204022,201762204021,PREV
201762204023,201762204022,PREV
201762204024,201762204023,PREV
201762204025,201762204024,PREV
201762205026,201762205025,PREV
201762205027,201762205026,PREV
201762205028,201762205027,PREV
201762206029,201762206028,PREV
201762206030,201762206029,PREV
201762207031,201762207030,PREV
201762207032,201762207031,PREV
201832101002,201832101001,PREV
201832101003,201832101002,PREV
201832102004,201832102003,PREV
201832103005,201832103004,PREV
201832104006,201832104005,PREV
201832104007,201832104006,PREV
201832104008,201832104007,PREV
201832105009,201832105008,PREV
201832105010,201832105009,PREV
201832106011,201832106010,PREV
201832106012,201832106011,PREV
201832106013,201832106012,PREV
201832107014,201832107013,PREV
201832108015,201832108014,PREV
201832108016,201832108015,PREV
201832108017,201832108016,PREV
202512101002,202512101001,PREV
202512101003,202512101002,PREV
202512101004,202512101003,PREV
202512101005,202512101004,PREV
202512102006,202512102005,PREV
202512102007,202512102006,PREV
202512102008,202512102007,PREV
202512102009,202512102008,PREV
202512103010,202512103009,PREV
202512103011,202512103010,PREV
202512103012,202512103011,PREV
202512103013,202512103012,PREV
202512103014,202512103013,PREV
202512103015,202512103014,PREV
202512103016,202512103015,PREV
202512103017,202512103016,PREV
202512103018,202512103017,PREV
202512103019,202512103018,PREV
202512103020,202512103019,PREV
202512103021,202512103020,PREV
202512103022,202512103021,PREV
202512103023,202512103022,PREV
202512103024,202512103023,PREV
202512103025,202512103024,PREV
202512103026,202512103025,PREV
202512103027,202512103026,PREV
202512103028,202512103027,PREV
202512103029,202512103028,PREV
202512104030,202512104029,PREV
202512104031,202512104030,PREV
202512104032,202512104031,PREV
202512104033,202512104032,PREV
202512104034,202512104033,PREV
202512104035,202512104034,PREV
202512104036,202512104035,PREV
202512104037,202512104036,PREV
202512104038,202512104037,PREV
202512104039,202512104038,PREV
202512104040,202512104039,PREV
202512104041,202512104040,PREV
202512104042,202512104041,PREV
202512104043,202512104042,PREV
202512104044,202512104043,PREV
202512104045,202512104044,PREV
202512104046,202512104045,PREV
202512104047,202512104046,PREV
202512104048,202512104047,PREV
202512104049,202512104048,PREV
202512105050,202512105049,PREV
202512105051,202512105050,PREV
202512105052,202512105051,PREV
202512105053,202512105052,PREV
202512105054,202512105053,PREV
202512105055,202512105054,PREV
202512105056,202512105055,PREV
202512105057,202512105056,PREV
202512105058,202512105057,PREV
202512105059,202512105058,PREV
202512105060,202512105059,PREV
202512105061,202512105060,PREV
202512105062,202512105061,PREV
202512105063,202512105062,PREV
202512105064,202512105063,PREV
202512105065,202512105064,PREV
202512105066,202512105065,PREV
202512105067,202512105066,PREV
202512105068,202512105067,PREV
202512105069,202512105068,PREV
202512105070,202512105069,PREV
202512105071,202512105070,PREV
202512105072,202512105071,PREV
202512105073,202512105072,PREV
202512105074,202512105073,PREV
202512105075,202512105074,PREV
202512105076,202512105075,PREV
202512105077,202512105076,PREV
202512105078,202512105077,PREV
202512105079,202512105078,PREV
202512105080,202512105079,PREV
202512106081,202512106080,PREV
202512106082,202512106081,PREV
202512106083,202512106082,PREV
202512106084,202512106083,PREV
202512106085,202512106084,PREV
202512106086,202512106085,PREV
202512106087,202512106086,PREV
202512106088,202512106087,PREV
202512106089,202512106088,PREV
202512106090,202512106089,PREV
202512107091,202512107090,PREV
202512107092,202512107091,PREV
202512107093,202512107092,PREV
202512107094,202512107093,PREV
202512107095,202512107094,PREV
202512107096,202512107095,PREV
202512107097,202512107096,PREV
202512107098,202512107097,PREV
202512107099,202512107098,PREV
202512107100,202512107099,PREV
202512107101,202512107100,PREV
202512107102,202512107101,PREV
202512107103,202512107102,PREV
202512108104,202512108103,PREV
202512108105,202512108104,PREV
202512108106,202512108105,PREV
202512108107,202512108106,PREV
202512108108,202512108107,PREV
202512108109,202512108108,PREV
202512108110,202512108109,PREV
202512108111,202512108110,PREV
202512108112,202512108111,PREV
202512108113,202512108112,PREV
202512109114,202512109113,PREV
202512109115,202512109114,PREV
202512109116,202512109115,PREV
202512109117,202512109116,PREV
202512110118,202512110117,PREV
202512110119,202512110118,PREV
202512110120,202512110119,PREV
202512111121,202512111120,PREV
202512111122,202512111121,PREV
202512111123,202512111122,PREV
202512112124,202512112123,PREV
202512112125,202512112124,PREV
202512112126,202512112125,PREV
202512112127,202512112126,PREV
202512112128,202512112127,PREV
202512112129,202512112128,PREV
202512112130,202512112129,PREV
202512112131,202512112130,PREV
202512112132,202512112131,PREV
202512112133,202512112132,PREV
202512113134,202512113133,PREV
202512113135,202512113134,PREV
202512113136,202512113135,PREV
202512114137,202512114136,PREV
202512115138,202512115137,PREV
202512116139,202512116138,PREV
202512116140,202512116139,PREV
202512117141,202512117140,PREV
202512117142,202512117141,PREV
202612301002,202612301001,PREV
202612302003,202612302002,PREV
202612302004,202612302003,PREV
202612302005,202612302004,PREV
202612302006,202612302005,PREV
202612302007,202612302006,PREV
202612302008,202612302007,PREV
202612302009,202612302008,PREV
202612302010,202612302009,PREV
202612302011,202612302010,PREV
202612303012,202612303011,PREV
202612303013,202612303012,PREV
202612303014,202612303013,PREV
202612303015,202612303014,PREV
202612303016,202612303015,PREV
202612303017,202612303016,PREV
202612303018,202612303017,PREV
202612303019,202612303018,PREV
202612303020,202612303019,PREV
202612303021,202612303020,PREV
202612303022,202612303021,PREV
202612303023,202612303022,PREV
202612303024,202612303023,PREV
202612303025,202612303024,PREV
202612303026,202612303025,PREV
202612303027,202612303026,PREV
202612303028,202612303027,PREV
202612303029,202612303028,PREV
202612303030,202612303029,PREV
202612303031,202612303030,PREV
202612303032,202612303031,PREV
202612303033,202612303032,PREV
202612303034,202612303033,PREV
202612303035,202612303034,PREV
202612303036,202612303035,PREV
202612303037,202612303036,PREV
202612304038,202612304037,PREV
202612305039,202612305038,PREV
202612306040,202612306039,PREV
202612306041,202612306040,PREV
202612306042,202612306041,PREV
202622301002,202622301001,PREV
202622302003,202622302002,PREV
202622302004,202622302003,PREV
202622302005,202622302004,PREV
202622302006,202622302005,PREV
202622302007,202622302006,PREV
202622302008,202622302007,PREV
202622302009,202622302008,PREV
202622302010,202622302009,PREV
202622302011,202622302010,PREV
202622302012,202622302011,PREV
202622302013,202622302012,PREV
202622302014,202622302013,PREV
202622302015,202622302014,PREV
202622302016,202622302015,PREV
202622302017,202622302016,PREV
202622302018,202622302017,PREV
202622302019,202622302018,PREV
202622302020,202622302019,PREV
202622302021,202622302020,PREV
202622302022,202622302021,PREV
202622302023,202622302022,PREV
202622302024,202622302023,PREV
202622302025,202622302024,PREV
202622302026,202622302025,PREV
202622302027,202622302026,PREV
202622302028,202622302027,PREV
202622302029,202622302028,PREV
202622302030,202622302029,PREV
202622302031,202622302030,PREV
202622302032,202622302031,PREV
202622302033,202622302032,PREV
202622302034,202622302033,PREV
202622302035,202622302034,PREV
202622302036,202622302035,PREV
202622302037,202622302036,PREV
202622302038,202622302037,PREV
202622302039,202622302038,PREV
202622302040,202622302039,PREV
202622302041,202622302040,PREV
202622302042,202622302041,PREV
202622302043,202622302042,PREV
202622302044,202622302043,PREV
202622302045,202622302044,PREV
202622303046,202622303045,PREV
202622303047,202622303046,PREV
202622303048,202622303047,PREV
202622303049,202622303048,PREV
202622303050,202622303049,PREV
202622303051,202622303050,PREV
202622303052,202622303051,PREV
202622303053,202622303052,PREV
202622303054,202622303053,PREV
202622303055,202622303054,PREV
202622303056,202622303055,PREV
202622303057,202622303056,PREV
202622303058,202622303057,PREV
202622303059,202622303058,PREV
202622303060,202622303059,PREV
202622303061,202622303060,PREV
202622303062,202622303061,PREV
202622303063,202622303062,PREV
202622303064,202622303063,PREV
202622303065,202622303064,PREV
202622303066,202622303065,PREV
202622303067,202622303066,PREV
202622303068,202622303067,PREV
202622303069,202622303068,PREV
202622303070,202622303069,PREV
202622303071,202622303070,PREV
202622303072,202622303071,PREV
202622303073,202622303072,PREV
202622303074,202622303073,PREV
202622303075,202622303074,PREV
202622303076,202622303075,PREV
202622304077,202622304076,PREV
202622304078,202622304077,PREV
202622304079,202622304078,PREV
202622304080,202622304079,PREV
202622304081,202622304080,PREV
202622304082,202622304081,PREV
202622304083,202622304082,PREV
202622304084,202622304083,PREV
202622305085,202622305084,PREV
202622305086,202622305085,PREV
202622305087,202622305086,PREV
202622305088,202622305087,PREV
202622305089,202622305088,PREV
202622305090,202622305089,PREV
202622305091,202622305090,PREV
202622305092,202622305091,PREV
202622305093,202622305092,PREV
202622305094,202622305093,PREV
202622305095,202622305094,PREV
202622305096,202622305095,PREV
202622305097,202622305096,PREV
202622305098,202622305097,PREV
202622305099,202622305098,PREV
202622305100,202622305099,PREV
202622305101,202622305100,PREV
202622305102,202622305101,PREV
202622305103,202622305102,PREV
202622305104,202622305103,PREV
202622305105,202622305104,PREV
202622305106,202622305105,PREV
202622305107,202622305106,PREV
202622305108,202622305107,PREV
202622305109,202622305108,PREV
202622305110,202622305109,PREV
202622306111,202622306110,PREV
202622306112,202622306111,PREV
202622306113,202622306112,PREV
202622306114,202622306113,PREV
202622306115,202622306114,PREV
202622306116,202622306115,PREV
202622306117,202622306116,PREV
202622306118,202622306117,PREV
202622306119,202622306118,PREV
202622306120,202622306119,PREV
202622306121,202622306120,PREV
202622306122,202622306121,PREV
202622306123,202622306122,PREV
202622306124,202622306123,PREV
202622306125,202622306124,PREV
202622306126,202622306125,PREV
202622306127,202622306126,PREV
202622306128,202622306127,PREV
202622306129,202622306128,PREV
202622306130,202622306129,PREV
202622306131,202622306130,PREV
202622306132,202622306131,PREV
202622306133,202622306132,PREV
202622306134,202622306133,PREV
202622306135,202622306134,PREV
202622306136,202622306135,PREV
202622306137,202622306136,PREV
202622306138,202622306137,PREV
202622306139,202622306138,PREV
202622306140,202622306139,PREV
202622306141,202622306140,PREV
202622306142,202622306141,PREV
202622306143,202622306142,PREV
202622306144,202622306143,PREV
202622306145,202622306144,PREV
202622306146,202622306145,PREV
202622306147,202622306146,PREV
202622306148,202622306147,PREV
202622306149,202622306148,PREV
202622306150,202622306149,PREV
202622306151,202622306150,PREV
202622306152,202622306151,PREV
202622306153,202622306152,PREV
202622306154,202622306153,PREV
202622306155,202622306154,PREV
202622306156,202622306155,PREV
202622306157,202622306156,PREV
202622306158,202622306157,PREV
202622306159,202622306158,PREV
202622306160,202622306159,PREV
202622306161,202622306160,PREV
202622306162,202622306161,PREV
202622306163,202622306162,PREV
202622306164,202622306163,PREV
202622306165,202622306164,PREV
202622306166,202622306165,PREV
202622306167,202622306166,PREV
202622306168,202622306167,PREV
202622306169,202622306168,PREV
202622306170,202622306169,PREV
202622306171,202622306170,PREV
202622306172,202622306171,PREV
202622306173,202622306172,PREV
202622306174,202622306173,PREV
202622306175,202622306174,PREV
202622306176,202622306175,PREV
202622306177,202622306176,PREV
202622306178,202622306177,PREV
202622306179,202622306178,PREV
202622306180,202622306179,PREV
202622306181,202622306180,PREV
202622306182,202622306181,PREV
202622306183,202622306182,PREV
202622306184,202622306183,PREV
202622306185,202622306184,PREV
202622306186,202622306185,PREV
202622306187,202622306186,PREV
202622306188,202622306187,PREV
202622306189,202622306188,PREV
202622306190,202622306189,PREV
202622306191,202622306190,PREV
202622306192,202622306191,PREV
202622306193,202622306192,PREV
202622306194,202622306193,PREV
202622306195,202622306194,PREV
202622306196,202622306195,PREV
202622306197,202622306196,PREV
202622306198,202622306197,PREV
202622306199,202622306198,PREV
202622306200,202622306199,PREV
202622306201,202622306200,PREV
202622306202,202622306201,PREV
202622306203,202622306202,PREV
202622306204,202622306203,PREV
202622307205,202622307204,PREV
202622307206,202622307205,PREV
202622307207,202622307206,PREV
202622307208,202622307207,PREV
202622307209,202622307208,PREV
202622307210,202622307209,PREV
202622307211,202622307210,PREV
202622307212,202622307211,PREV
202622308213,202622308212,PREV
202622308214,202622308213,PREV
202622308215,202622308214,PREV
202622308216,202622308215,PREV
202622308217,202622308216,PREV
202622308218,202622308217,PREV
202622308219,202622308218,PREV
202622308220,202622308219,PREV
202622308221,202622308220,PREV
202622308222,202622308221,PREV
202622308223,202622308222,PREV
202622308224,202622308223,PREV
202622308225,202622308224,PREV
202622308226,202622308225,PREV
202622309227,202622309226,PREV
202622309228,202622309227,PREV
202622309229,202622309228,PREV
202622309230,202622309229,PREV
202622309231,202622309230,PREV
202632301002,202632301001,PREV
202632302003,202632302002,PREV
202632302004,202632302003,PREV
202632302005,202632302004,PREV
202632302006,202632302005,PREV
202632302007,202632302006,PREV
202632302008,202632302007,PREV
202632302009,202632302008,PREV
202632302010,202632302009,PREV
202632302011,202632302010,PREV
202632302012,202632302011,PREV
202632302013,202632302012,PREV
202632302014,202632302013,PREV
202632302015,202632302014,PREV
202632302016,202632302015,PREV
202632302017,202632302016,PREV
202632302018,202632302017,PREV
202632302019,202632302018,PREV
202632303020,202632303019,PREV
202632303021,202632303020,PREV
202632303022,202632303021,PREV
202632303023,202632303022,PREV
202632303024,202632303023,PREV
202632303025,202632303024,PREV
202632303026,202632303025,PREV
202632303027,202632303026,PREV
202632303028,202632303027,PREV
202632303029,202632303028,PREV
202632304030,202632304029,PREV
202632304031,202632304030,PREV
202632304032,202632304031,PREV
202632304033,202632304032,PREV
202632304034,202632304033,PREV
202632304035,202632304034,PREV
202632304036,202632304035,PREV
202632304037,202632304036,PREV
202632304038,202632304037,PREV
202632304039,202632304038,PREV
202632304040,202632304039,PREV
202632304041,202632304040,PREV
202632304042,202632304041,PREV
202632304043,202632304042,PREV
202632305044,202632305043,PREV
202632305045,202632305044,PREV
202632305046,202632305045,PREV
202632305047,202632305046,PREV
202632305048,202632305047,PREV
202632305049,202632305048,PREV
202632305050,202632305049,PREV
202632305051,202632305050,PREV
202632305052,202632305051,PREV
202632305053,202632305052,PREV
202632305054,202632305053,PREV
202632305055,202632305054,PREV
202632305056,202632305055,PREV
202632305057,202632305056,PREV
202632305058,202632305057,PREV
202632305059,202632305058,PREV
202632305060,202632305059,PREV
202632305061,202632305060,PREV
202632305062,202632305061,PREV
202632305063,202632305062,PREV
202632305064,202632305063,PREV
202632305065,202632305064,PREV
202632306066,202632306065,PREV
202632306067,202632306066,PREV
202632306068,202632306067,PREV
202632306069,202632306068,PREV
202632306070,202632306069,PREV
202632306071,202632306070,PREV
202632306072,202632306071,PREV
202632306073,202632306072,PREV
202632306074,202632306073,PREV
202632306075,202632306074,PREV
202632307076,202632307075,PREV
202632307077,202632307076,PREV
202632307078,202632307077,PREV
202632307079,202632307078,PREV
202632307080,202632307079,PREV
202632307081,202632307080,PREV
202632307082,202632307081,PREV
202632307083,202632307082,PREV
202632307084,202632307083,PREV
202632307085,202632307084,PREV
202632307086,202632307085,PREV
202632307087,202632307086,PREV
202632307088,202632307087,PREV
202632307089,202632307088,PREV
202632307090,202632307089,PREV
202632307091,202632307090,PREV
202632307092,202632307091,PREV
202632307093,202632307092,PREV
202632307094,202632307093,PREV
202632307095,202632307094,PREV
202632307096,202632307095,PREV
202632307097,202632307096,PREV
202632307098,202632307097,PREV
202632307099,202632307098,PREV
202632307100,202632307099,PREV
202632307101,202632307100,PREV
202632307102,202632307101,PREV
202632307103,202632307102,PREV
202632307104,202632307103,PREV
202632307105,202632307104,PREV
202632307106,202632307105,PREV
202632307107,202632307106,PREV
202632307108,202632307107,PREV
202632307109,202632307108,PREV
202632307110,202632307109,PREV
202632307111,202632307110,PREV
202632307112,202632307111,PREV
202632307113,202632307112,PREV
202632307114,202632307113,PREV
202632307115,202632307114,PREV
202632307116,202632307115,PREV
202632307117,202632307116,PREV
202632307118,202632307117,PREV
202632307119,202632307118,PREV
202632307120,202632307119,PREV
202632307121,202632307120,PREV
202632307122,202632307121,PREV
202632308123,202632308122,PREV
202632308124,202632308123,PREV
202632308125,202632308124,PREV
202632308126,202632308125,PREV
202632308127,202632308126,PREV
202632308128,202632308127,PREV
202632308129,202632308128,PREV
202632308130,202632308129,PREV
202632308131,202632308130,PREV
202632308132,202632308131,PREV
202632308133,202632308132,PREV
202632308134,202632308133,PREV
202632308135,202632308134,PREV
202632308136,202632308135,PREV
202632308137,202632308136,PREV
202632308138,202632308137,PREV
202632308139,202632308138,PREV
202632308140,202632308139,PREV
202632308141,202632308140,PREV
202632308142,202632308141,PREV
202632308143,202632308142,PREV
202632308144,202632308143,PREV
202632308145,202632308144,PREV
202632308146,202632308145,PREV
202632308147,202632308146,PREV
202632308148,202632308147,PREV
202632308149,202632308148,PREV
202632308150,202632308149,PREV
202632308151,202632308150,PREV
202632308152,202632308151,PREV
202632308153,202632308152,PREV
202632308154,202632308153,PREV
202632308155,202632308154,PREV
202632308156,202632308155,PREV
202632308157,202632308156,PREV
202632308158,202632308157,PREV
202632308159,202632308158,PREV
202632308160,202632308159,PREV
202632308161,202632308160,PREV
202632308162,202632308161,PREV
202632309163,202632309162,PREV
202632309164,202632309163,PREV
202632309165,202632309164,PREV
202632310166,202632310165,PREV
202632310167,202632310166,PREV
202632311168,202632311167,PREV
202632311169,202632311168,PREV
202632311170,202632311169,PREV
203402301002,203402301001,PREV
203402301003,203402301002,PREV
203402301004,203402301003,PREV
203402301005,203402301004,PREV
203402302006,203402302005,PREV
203402302007,203402302006,PREV
203402302008,203402302007,PREV
203402302009,203402302008,PREV
203402303010,203402303009,PREV
203402303011,203402303010,PREV
203402303012,203402303011,PREV
203402303013,203402303012,PREV
203402303014,203402303013,PREV
203402303015,203402303014,PREV
203402303016,203402303015,PREV
203402303017,203402303016,PREV
203402303018,203402303017,PREV
203402303019,203402303018,PREV
203402303020,203402303019,PREV
203402303021,203402303020,PREV
203402303022,203402303021,PREV
203402303023,203402303022,PREV
203402303024,203402303023,PREV
203402303025,203402303024,PREV
203402303026,203402303025,PREV
203402303027,203402303026,PREV
203402303028,203402303027,PREV
203402303029,203402303028,PREV
203402304030,203402304029,PREV
203402304031,203402304030,PREV
203402304032,203402304031,PREV
203402304033,203402304032,PREV
203402304034,203402304033,PREV
203402304035,203402304034,PREV
203402304036,203402304035,PREV
203402304037,203402304036,PREV
203402304038,203402304037,PREV
203402304039,203402304038,PREV
203402304040,203402304039,PREV
203402304041,203402304040,PREV
203402304042,203402304041,PREV
203402304043,203402304042,PREV
203402304044,203402304043,PREV
203402304045,203402304044,PREV
203402304046,203402304045,PREV
203402304047,203402304046,PREV
203402304048,203402304047,PREV
203402304049,203402304048,PREV
203402305050,203402305049,PREV
203402305051,203402305050,PREV
203402305052,203402305051,PREV
203402305053,203402305052,PREV
203402305054,203402305053,PREV
203402305055,203402305054,PREV
203402305056,203402305055,PREV
203402305057,203402305056,PREV
203402305058,203402305057,PREV
203402305059,203402305058,PREV
203402305060,203402305059,PREV
203402305061,203402305060,PREV
203402305062,203402305061,PREV
203402305063,203402305062,PREV
203402305064,203402305063,PREV
203402305065,203402305064,PREV
203402305066,203402305065,PREV
203402305067,203402305066,PREV
203402305068,203402305067,PREV
203402305069,203402305068,PREV
203402305070,203402305069,PREV
203402305071,203402305070,PREV
203402305072,203402305071,PREV
203402305073,203402305072,PREV
203402305074,203402305073,PREV
203402305075,203402305074,PREV
203402305076,203402305075,PREV
203402305077,203402305076,PREV
203402305078,203402305077,PREV
203402305079,203402305078,PREV
203402305080,203402305079,PREV
203402306081,203402306080,PREV
203402306082,203402306081,PREV
203402306083,203402306082,PREV
203402306084,203402306083,PREV
203402306085,203402306084,PREV
203402306086,203402306085,PREV
203402306087,203402306086,PREV
203402306088,203402306087,PREV
203402306089,203402306088,PREV
203402306090,203402306089,PREV
203402307091,203402307090,PREV
203402307092,203402307091,PREV
203402307093,203402307092,PREV
203402307094,203402307093,PREV
203402307095,203402307094,PREV
203402307096,203402307095,PREV
203402307097,203402307096,PREV
203402307098,203402307097,PREV
203402307099,203402307098,PREV
203402307100,203402307099,PREV
203402307101,203402307100,PREV
203402307102,203402307101,PREV
203402307103,203402307102,PREV
203402308104,203402308103,PREV
203402308105,203402308104,PREV
203402308106,203402308105,PREV
203402308107,203402308106,PREV
203402308108,203402308107,PREV
203402308109,203402308108,PREV
203402308110,203402308109,PREV
203402308111,203402308110,PREV
203402308112,203402308111,PREV
203402308113,203402308112,PREV
203402309114,203402309113,PREV
203402309115,203402309114,PREV
203402309116,203402309115,PREV
203402309117,203402309116,PREV
203402310118,203402310117,PREV
203402310119,203402310118,PREV
203402310120,203402310119,PREV
203402311121,203402311120,PREV
203402311122,203402311121,PREV
203402311123,203402311122,PREV
203402312124,203402312123,PREV
203402312125,203402312124,PREV
203402312126,203402312125,PREV
203402312127,203402312126,PREV
203402312128,203402312127,PREV
203402312129,203402312128,PREV
203402312130,203402312129,PREV
203402312131,203402312130,PREV
203402312132,203402312131,PREV
203402312133,203402312132,PREV
203402313134,203402313133,PREV
203402313135,203402313134,PREV
203402313136,203402313135,PREV
203402314137,203402314136,PREV
203402315138,203402315137,PREV
203402315139,203402315138,PREV
203402316140,203402316139,PREV
203402316141,203402316140,PREV
204382102002,204382102001,PREV
204382102003,204382102002,PREV
204382102004,204382102003,PREV
204382102005,204382102004,PREV
204382103006,204382103005,PREV
204382103007,204382103006,PREV
204382103008,204382103007,PREV
204382103009,204382103008,PREV
204382103010,204382103009,PREV
204382103011,204382103010,PREV
204382103012,204382103011,PREV
204382103013,204382103012,PREV
204382103014,204382103013,PREV
204382103015,204382103014,PREV
204382103016,204382103015,PREV
204382103017,204382103016,PREV
204382103018,204382103017,PREV
204382103019,204382103018,PREV
204382103020,204382103019,PREV
204382103021,204382103020,PREV
204382103022,204382103021,PREV
204382103023,204382103022,PREV
204382114024,204382114023,PREV
204382114025,204382114024,PREV
204382105026,204382105025,PREV
204382105027,204382105026,PREV
204382106028,204382106027,PREV
204382107029,204382107028,PREV
204382107030,204382107029,PREV
204382107031,204382107030,PREV
204382107032,204382107031,PREV
204731802002,204731802001,PREV
204731802003,204731802002,PREV
204731802004,204731802003,PREV
204731803005,204731803004,PREV
204731804006,204731804005,PREV
204731804007,204731804006,PREV
204731804008,204731804007,PREV
204731805009,204731805008,PREV
204731805010,204731805009,PREV
204731805011,204731805010,PREV
204731805012,204731805011,PREV
204731806013,204731806012,PREV
204731806014,204731806013,PREV
204731807015,204731807014,PREV
204731807016,204731807015,PREV
204731807017,204731807016,PREV
204731807018,204731807017,PREV
204731807019,204731807018,PREV
204731807020,204731807019,PREV
204731807021,204731807020,PREV
204731807022,204731807021,PREV
204731807023,204731807022,PREV
204731807024,204731807023,PREV
204731808025,204731808024,PREV
204731808026,204731808025,PREV
204731808027,204731808026,PREV
204731808028,204731808027,PREV
204731809029,204731809028,PREV
204731809030,204731809029,PREV
204731809031,204731809030,PREV
204731809032,204731809031,PREV
204731809033,204731809032,PREV
204731810034,204731810033,PREV
204731810035,204731810034,PREV
205762201002,205762201001,PREV
205762201003,205762201002,PREV
205762202004,205762202003,PREV
205762202005,205762202004,PREV
205762202006,205762202005,PREV
205762203007,205762203006,PREV
205762203008,205762203007,PREV
205762203009,205762203008,PREV
205762204010,205762204009,PREV
205762205011,205762205010,PREV
205762206012,205762206011,PREV
207842001002,207842001001,PREV
207842002003,207842002002,PREV
207842002004,207842002003,PREV
207842002005,207842002004,PREV
207842003006,207842003005,PREV
207842003007,207842003006,PREV
207842003008,207842003007,PREV
207842003009,207842003008,PREV
207842003010,207842003009,PREV
207842003011,207842003010,PREV
207842003012,207842003011,PREV
207842003013,207842003012,PREV
207842004014,207842004013,PREV
207842005015,207842005014,PREV
207842005016,207842005015,PREV
207842005017,207842005016,PREV
207842005018,207842005017,PREV
207842005019,207842005018,PREV
207842006020,207842006019,PREV
207842006021,207842006020,PREV
207842006022,207842006021,PREV
207842007023,207842007022,PREV
207842007024,207842007023,PREV
207842007025,207842007024,PREV
207842008026,207842008025,PREV
208152102002,208152102001,PREV
208152102003,208152102002,PREV
208152102004,208152102003,PREV
208152102005,208152102004,PREV
208152102006,208152102005,PREV
208152103007,208152103006,PREV
208152103008,208152103007,PREV
208152103009,208152103008,PREV
208152104010,208152104009,PREV
208152105011,208152105010,PREV
208152106012,208152106011,PREV
208152106013,208152106012,PREV
208152107014,208152107013,PREV
208152107015,208152107014,PREV
208352208026,208352208025,PREV
208352208027,208352208026,PREV
208352208028,208352208027,PREV
208352208029,208352208028,PREV
208352209030,208352209029,PREV
208352209031,208352209030,PREV
208352209032,208352209031,PREV
208352210033,208352210032,PREV
208352210034,208352210033,PREV
208352210035,208352210034,PREV
209342102003,209342102002,PREV
209342102004,209342102003,PREV
209342102005,209342102004,PREV
209342102006,209342102005,PREV
209342102007,209342102006,PREV
209342102008,209342102007,PREV
209342102009,209342102008,PREV
209342102010,209342102009,PREV
209342102011,209342102010,PREV
209342102012,209342102011,PREV
209342102013,209342102012,PREV
209342102014,209342102013,PREV
209342103015,209342103014,PREV
209342104016,209342104015,PREV
209342104017,209342104016,PREV
209342105018,209342105017,PREV
209342105019,209342105018,PREV
209342105020,209342105019,PREV
209342106021,209342106020,PREV
209342106022,209342106021,PREV
209342106023,209342106022,PREV
209342107024,209342107023,PREV
209342107025,209342107024,PREV
209342107026,209342107025,PREV
209342107027,209342107026,PREV
209342108028,209342108027,PREV
209582102002,209582102001,PREV
209582102003,209582102002,PREV
209582102004,209582102003,PREV
209582103005,209582103004,PREV
209582103006,209582103005,PREV
209582103007,209582103006,PREV
209582103008,209582103007,PREV
209582103009,209582103008,PREV
209582103010,209582103009,PREV
209582103011,209582103010,PREV
209582104012,209582104011,PREV
209582105013,209582105012,PREV
209582105014,209582105013,PREV
209582106015,209582106014,PREV
209582106016,209582106015,PREV
209582107017,209582107016,PREV
209582107018,209582107017,PREV
209582108019,209582108018,PREV
209582108020,209582108019,PREV
209582109021,209582109020,PREV
209582110022,209582110021,PREV
209582110023,209582110022,PREV
209582110024,209582110023,PREV
209612202004,209612202003,PREV
209612202005,209612202004,PREV
209612202006,209612202005,PREV
209612202007,209612202006,PREV
209612202013,209612202012,PREV
209612202015,209612202014,PREV
300292101002,300292101001,PREV
300292102003,300292102002,PREV
300292102004,300292102003,PREV
300292102005,300292102004,PREV
300292102006,300292102005,PREV
300292102007,300292102006,PREV
300292102008,300292102007,PREV
300292102009,300292102008,PREV
300292102010,300292102009,PREV
300292102011,300292102010,PREV
300292102012,300292102011,PREV
300292102013,300292102012,PREV
300292102014,300292102013,PREV
300292102015,300292102014,PREV
300292102016,300292102015,PREV
300292102017,300292102016,PREV
300292102018,300292102017,PREV
300292102019,300292102018,PREV
300292103020,300292103019,PREV
300292103021,300292103020,PREV
300292103022,300292103021,PREV
300292103023,300292103022,PREV
300292103024,300292103023,PREV
300292103025,300292103024,PREV
300292103026,300292103025,PREV
300292103027,300292103026,PREV
300292103028,300292103027,PREV
300292103029,300292103028,PREV
300292103030,300292103029,PREV
300292103031,300292103030,PREV
300292104032,300292104031,PREV
300292104033,300292104032,PREV
300292104034,300292104033,PREV
300292104035,300292104034,PREV
300292104036,300292104035,PREV
300292104037,300292104036,PREV
300292104038,300292104037,PREV
300292104039,300292104038,PREV
300292104040,300292104039,PREV
300292104041,300292104040,PREV
300292104042,300292104041,PREV
300292104043,300292104042,PREV
300292104044,300292104043,PREV
300292104045,300292104044,PREV
300292104046,300292104045,PREV
300292104047,300292104046,PREV
300292104048,300292104047,PREV
300292104049,300292104048,PREV
300292104050,300292104049,PREV
300292104051,300292104050,PREV
300292104052,300292104051,PREV
300292104053,300292104052,PREV
300292104054,300292104053,PREV
300292104055,300292104054,PREV
300292104056,300292104055,PREV
300292104057,300292104056,PREV
300292104058,300292104057,PREV
300292104059,300292104058,PREV
300292105060,300292105059,PREV
300292105061,300292105060,PREV
300292105062,300292105061,PREV
300292105063,300292105062,PREV
300292105064,300292105063,PREV
300292105065,300292105064,PREV
300292105066,300292105065,PREV
300292105067,300292105066,PREV
300292105068,300292105067,PREV
300292105069,300292105068,PREV
300292105070,300292105069,PREV
300292105071,300292105070,PREV
300292105072,300292105071,PREV
300292105073,300292105072,PREV
300292105074,300292105073,PREV
300292105075,300292105074,PREV
300292105076,300292105075,PREV
300292105077,300292105076,PREV
300292105078,300292105077,PREV
300292105079,300292105078,PREV
300292105080,300292105079,PREV
300292105081,300292105080,PREV
300292105082,300292105081,PREV
300292105083,300292105082,PREV
300292105084,300292105083,PREV
300292105085,300292105084,PREV
300292105086,300292105085,PREV
300292105087,300292105086,PREV
300292105088,300292105087,PREV
300292105089,300292105088,PREV
300292105090,300292105089,PREV
300292105091,300292105090,PREV
300292105092,300292105091,PREV
300292105093,300292105092,PREV
300292105094,300292105093,PREV
300292105095,300292105094,PREV
300292105096,300292105095,PREV
300292105097,300292105096,PREV
300292105098,300292105097,PREV
300292105099,300292105098,PREV
300292106000,300292105999,PREV
300292106002,300292106001,PREV
300292107003,300292107002,PREV
300292107004,300292107003,PREV
300292107005,300292107004,PREV
300292107006,300292107005,PREV
300292108007,300292108006,PREV
300292108008,300292108007,PREV
300292108009,300292108008,PREV
300292108010,300292108009,PREV
300292108011,300292108010,PREV
300292108012,300292108011,PREV
300292109013,300292109012,PREV
300292109014,300292109013,PREV
300292109015,300292109014,PREV
300292109016,300292109015,PREV
300292109017,300292109016,PREV
300292109018,300292109017,PREV
300292109019,300292109018,PREV
300292109020,300292109019,PREV
300292109021,300292109020,PREV
300292109022,300292109021,PREV
300292109023,300292109022,PREV
300292109024,300292109023,PREV
300292109025,300292109024,PREV
300292109026,300292109025,PREV
300292109027,300292109026,PREV
300292110028,300292110027,PREV
300292110029,300292110028,PREV
300292110030,300292110029,PREV
300292110031,300292110030,PREV
300292110032,300292110031,PREV
300292110033,300292110032,PREV
300292110034,300292110033,PREV
300292110035,300292110034,PREV
300292110036,300292110035,PREV
300292110037,300292110036,PREV
300292111038,300292111037,PREV
300292111039,300292111038,PREV
300292111040,300292111039,PREV
300292111041,300292111040,PREV
300292111042,300292111041,PREV
300292111043,300292111042,PREV
300292111044,300292111043,PREV
300292111045,300292111044,PREV
300292111046,300292111045,PREV
300292111047,300292111046,PREV
300292111048,300292111047,PREV
300292111049,300292111048,PREV
300292111050,300292111049,PREV
300292111051,300292111050,PREV
300292111052,300292111051,PREV
300292111053,300292111052,PREV
300292111054,300292111053,PREV
300292111055,300292111054,PREV
300292111056,300292111055,PREV
300292111057,300292111056,PREV
300292111058,300292111057,PREV
300292111059,300292111058,PREV
300292111060,300292111059,PREV
300292111061,300292111060,PREV
300292111062,300292111061,PREV
300292111063,300292111062,PREV
300292111064,300292111063,PREV
300292111065,300292111064,PREV
300292112066,300292112065,PREV
300292112067,300292112066,PREV
300292112068,300292112067,PREV
300292112069,300292112068,PREV
300292112070,300292112069,PREV
300292112071,300292112070,PREV
300292112072,300292112071,PREV
300292112073,300292112072,PREV
300292113074,300292113073,PREV
300292113075,300292113074,PREV
300292114076,300292114075,PREV
300292115077,300292115076,PREV
300292115078,300292115077,PREV
300292115079,300292115078,PREV
300330501002,300330501001,PREV
300330501003,300330501002,PREV
300330501004,300330501003,PREV
300330502005,300330502004,PREV
300330502006,300330502005,PREV
300330503007,300330503006,PREV
300330503008,300330503007,PREV
300330503009,300330503008,PREV
300330504010,300330504009,PREV
300330504011,300330504010,PREV
300330504012,300330504011,PREV
300330504013,300330504012,PREV
300330504014,300330504013,PREV
300330504015,300330504014,PREV
300330504016,300330504015,PREV
300330504017,300330504016,PREV
300330504018,300330504017,PREV
300330504019,300330504018,PREV
300330504020,300330504019,PREV
300330504021,300330504020,PREV
300330504022,300330504021,PREV
300330505023,300330505022,PREV
300330505024,300330505023,PREV
300330506025,300330506024,PREV
300330507026,300330507025,PREV
300040301002,300040301001,PREV
300040301003,300040301002,PREV
300040302004,300040302003,PREV
300040303005,300040303004,PREV
300040303006,300040303005,PREV
300342102002,300342102001,PREV
300342102003,300342102002,PREV
300342102004,300342102003,PREV
300342102005,300342102004,PREV
300342102006,300342102005,PREV
300342102007,300342102006,PREV
300342102008,300342102007,PREV
300342102009,300342102008,PREV
300342102010,300342102009,PREV
300342102011,300342102010,PREV
300342103012,300342103011,PREV
300342103013,300342103012,PREV
300342103014,300342103013,PREV
300342103015,300342103014,PREV
300342103016,300342103015,PREV
300342103017,300342103016,PREV
300342103018,300342103017,PREV
300342103019,300342103018,PREV
300342103020,300342103019,PREV
300342103021,300342103020,PREV
300342103022,300342103021,PREV
300342103023,300342103022,PREV
300342103024,300342103023,PREV
300342103025,300342103024,PREV
300342103026,300342103025,PREV
300342104027,300342104026,PREV
300342105028,300342105027,PREV
300342105029,300342105028,PREV
300342105030,300342105029,PREV
300342105031,300342105030,PREV
300342106032,300342106031,PREV
300342106033,300342106032,PREV
300342106034,300342106033,PREV
300342106035,300342106034,PREV
300342107036,300342107035,PREV
300342107037,300342107036,PREV
300342107038,300342107037,PREV
300342107039,300342107038,PREV
300342107040,300342107039,PREV
300342107041,300342107040,PREV
300342107042,300342107041,PREV
300342108043,300342108042,PREV
300342109044,300342109043,PREV
300342110045,300342110044,PREV
300342111046,300342111045,PREV
300342111047,300342111046,PREV
300342111048,300342111047,PREV
300352106060,300352106059,PREV
300352107061,300352107060,PREV
300352107062,300352107061,PREV
300352108063,300352108062,PREV
300352109064,300352109063,PREV
300352109065,300352109064,PREV
300352109066,300352109065,PREV
300362101002,300362101001,PREV
300362101003,300362101002,PREV
300362102004,300362102003,PREV
300362102005,300362102004,PREV
300362102006,300362102005,PREV
300362102007,300362102006,PREV
300362102008,300362102007,PREV
300362102009,300362102008,PREV
300362102010,300362102009,PREV
300362102011,300362102010,PREV
300362102012,300362102011,PREV
300362102013,300362102012,PREV
300362103014,300362103013,PREV
300362103015,300362103014,PREV
300362103016,300362103015,PREV
300362103017,300362103016,PREV
300362103018,300362103017,PREV
300362103019,300362103018,PREV
300362104020,300362104019,PREV
300362104021,300362104020,PREV
300362104022,300362104021,PREV
300362105023,300362105022,PREV
300362105024,300362105023,PREV
300362105025,300362105024,PREV
300362105026,300362105025,PREV
300362105027,300362105026,PREV
300362105028,300362105027,PREV
300362105029,300362105028,PREV
300362105030,300362105029,PREV
300362105031,300362105030,PREV
300362105032,300362105031,PREV
300362105033,300362105032,PREV
300362105034,300362105033,PREV
300362105035,300362105034,PREV
300362106036,300362106035,PREV
300362106037,300362106036,PREV
300362106038,300362106037,PREV
300362107039,300362107038,PREV
300362107040,300362107039,PREV
300362107041,300362107040,PREV
300362107042,300362107041,PREV
300362107043,300362107042,PREV
300362107044,300362107043,PREV
300362107045,300362107044,PREV
300362107046,300362107045,PREV
300362107047,300362107046,PREV
300362107048,300362107047,PREV
300362107049,300362107048,PREV
300362107050,300362107049,PREV
300362107051,300362107050,PREV
300362107052,300362107051,PREV
300362108053,300362108052,PREV
300362108054,300362108053,PREV
300362108055,300362108054,PREV
300362108056,300362108055,PREV
300362108057,300362108056,PREV
300362109058,300362109057,PREV
300362109059,300362109058,PREV
300362109060,300362109059,PREV
300362109061,300362109060,PREV
300362109062,300362109061,PREV
300362109063,300362109062,PREV
300362109064,300362109063,PREV
300362109065,300362109064,PREV
300362110066,300362110065,PREV
300362110067,300362110066,PREV
300362110068,300362110067,PREV
300362111069,300362111068,PREV
300362111070,300362111069,PREV
300362111071,300362111070,PREV
300362111072,300362111071,PREV
300362111073,300362111072,PREV
300362111074,300362111073,PREV
300362111075,300362111074,PREV
300362111076,300362111075,PREV
300362111077,300362111076,PREV
300362112078,300362112077,PREV
300362113079,300362113078,PREV
300362113080,300362113079,PREV
300362113081,300362113080,PREV
300362114082,300362114081,PREV
300362114083,300362114082,PREV
300362115084,300362115083,PREV
300362115085,300362115084,PREV
300362115086,300362115085,PREV
300372101002,300372101001,PREV
300372101003,300372101002,PREV
300372102004,300372102003,PREV
300372102005,300372102004,PREV
300372102006,300372102005,PREV
300372102007,300372102006,PREV
300372102008,300372102007,PREV
300372102009,300372102008,PREV
300372102010,300372102009,PREV
300372103011,300372103010,PREV
300372103012,300372103011,PREV
300372103013,300372103012,PREV
300372103014,300372103013,PREV
300372103015,300372103014,PREV
300372103016,300372103015,PREV
300372103017,300372103016,PREV
300372104018,300372104017,PREV
300372104019,300372104018,PREV
300372104020,300372104019,PREV
300372104021,300372104020,PREV
300372104022,300372104021,PREV
300372104023,300372104022,PREV
300372104024,300372104023,PREV
300372104025,300372104024,PREV
300372104026,300372104025,PREV
300372104027,300372104026,PREV
300372104028,300372104027,PREV
300372104029,300372104028,PREV
300372104030,300372104029,PREV
300372104031,300372104030,PREV
300372104032,300372104031,PREV
300372104033,300372104032,PREV
300372104034,300372104033,PREV
300372104035,300372104034,PREV
300372104036,300372104035,PREV
300372104037,300372104036,PREV
300372104038,300372104037,PREV
300372104039,300372104038,PREV
300372104040,300372104039,PREV
300372104041,300372104040,PREV
300372105042,300372105041,PREV
300372105043,300372105042,PREV
300372106044,300372106043,PREV
300372107045,300372107044,PREV
300372108046,300372108045,PREV
300372108047,300372108046,PREV
300372109048,300372109047,PREV
300372109049,300372109048,PREV
300372109050,300372109049,PREV
300501201002,300501201001,PREV
300501201003,300501201002,PREV
300501202004,300501202003,PREV
300501202005,300501202004,PREV
300501202006,300501202005,PREV
300501202007,300501202006,PREV
300501202008,300501202007,PREV
300501202009,300501202008,PREV
300501202010,300501202009,PREV
300501202011,300501202010,PREV
300501202012,300501202011,PREV
300501202013,300501202012,PREV
300501202014,300501202013,PREV
300501202015,300501202014,PREV
300501203016,300501203015,PREV
300501200017,300501200016,PREV
300501204018,300501204017,PREV
300501204019,300501204018,PREV
300501204020,300501204019,PREV
300501205021,300501205020,PREV
300501206022,300501206021,PREV
100130302002,100130302001,PREV
100130302003,100130302002,PREV
100130302004,100130302003,PREV
100130303005,100130303004,PREV
100130303006,100130303005,PREV
100130304007,100130304006,PREV
100130304008,100130304007,PREV
100130305009,100130305008,PREV
100130305010,100130305009,PREV
100130305011,100130305010,PREV
100130305012,100130305011,PREV
100130305013,100130305012,PREV
100130305014,100130305013,PREV
100130305015,100130305014,PREV
100130305016,100130305015,PREV
100130305017,100130305016,PREV
100130305018,100130305017,PREV
100130305019,100130305018,PREV
100130305020,100130305019,PREV
100130305021,100130305020,PREV
100130305022,100130305021,PREV
100130305023,100130305022,PREV
100130305024,100130305023,PREV
100130305025,100130305024,PREV
100130305026,100130305025,PREV
100130305027,100130305026,PREV
100130305028,100130305027,PREV
100130305029,100130305028,PREV
100130305030,100130305029,PREV
100130306031,100130306030,PREV
100130306032,100130306031,PREV
100130306034,100130306033,PREV
100130306035,100130306034,PREV
100130306036,100130306035,PREV
100130306037,100130306036,PREV
100130306038,100130306037,PREV
100130307039,100130307038,PREV
100130307040,100130307039,PREV
100130307041,100130307040,PREV
100130308042,100130308041,PREV
100130308043,100130308042,PREV
100130308044,100130308043,PREV
100130308045,100130308044,PREV
100130308046,100130308045,PREV
100130308047,100130308046,PREV
100130308048,100130308047,PREV
100130308049,100130308048,PREV
100130309050,100130309049,PREV
100130309051,100130309050,PREV
100130309052,100130309051,PREV
100130309053,100130309052,PREV
100130309054,100130309053,PREV
100130309055,100130309054,PREV
100130309056,100130309055,PREV
100130309057,100130309056,PREV
100130309058,100130309057,PREV
100130309059,100130309058,PREV
100130309060,100130309059,PREV
100130309061,100130309060,PREV
100130309063,100130309062,PREV
100130309064,100130309063,PREV
100130309065,100130309064,PREV
100130309066,100130309065,PREV
100130310067,100130310066,PREV
100130310068,100130310067,PREV
100130310069,100130310068,PREV
100130310070,100130310069,PREV
100130310071,100130310070,PREV
100130310072,100130310071,PREV
100130310073,100130310072,PREV
100130310074,100130310073,PREV
100130310075,100130310074,PREV
100130310076,100130310075,PREV
100130310077,100130310076,PREV
100130310078,100130310077,PREV
100130310079,100130310078,PREV
100130310080,100130310079,PREV
100130310081,100130310080,PREV
100130310082,100130310081,PREV
100130310083,100130310082,PREV
100130310084,100130310083,PREV
100130310085,100130310084,PREV
100130310086,100130310085,PREV
100130310087,100130310086,PREV
100130310088,100130310087,PREV
100130310089,100130310088,PREV
100130310090,100130310089,PREV
100130310091,100130310090,PREV
100130310092,100130310091,PREV
100130310093,100130310092,PREV
100130310094,100130310093,PREV
100130310095,100130310094,PREV
100130310096,100130310095,PREV
100130310097,100130310096,PREV
100130310098,100130310097,PREV
100130310099,100130310098,PREV
100130310100,100130310099,PREV
100130310101,100130310100,PREV
100130311102,100130311101,PREV
100130311103,100130311102,PREV
100130311104,100130311103,PREV
100130311105,100130311104,PREV
100130311106,100130311105,PREV
100130311107,100130311106,PREV
100130311108,100130311107,PREV
100130311109,100130311108,PREV
100130311110,100130311109,PREV
100130311111,100130311110,PREV
100130311112,100130311111,PREV
100130311113,100130311112,PREV
100130311114,100130311113,PREV
100130311115,100130311114,PREV
100130311116,100130311115,PREV
100130311117,100130311116,PREV
100130311118,100130311117,PREV
100130311119,100130311118,PREV
100130311120,100130311119,PREV
100130311121,100130311120,PREV
100130311122,100130311121,PREV
100130311123,100130311122,PREV
100130311124,100130311123,PREV
100130311125,100130311124,PREV
100130311126,100130311125,PREV
100130311127,100130311126,PREV
100130311128,100130311127,PREV
100130311129,100130311128,PREV
100130311130,100130311129,PREV
100130311131,100130311130,PREV
100130311132,100130311131,PREV
100130311134,100130311133,PREV
100130311135,100130311134,PREV
100130311136,100130311135,PREV
100130311137,100130311136,PREV
100130311138,100130311137,PREV
100130311139,100130311138,PREV
100130311140,100130311139,PREV
100130311141,100130311140,PREV
100130311142,100130311141,PREV
100130311143,100130311142,PREV
100130311144,100130311143,PREV
100130311145,100130311144,PREV
100130311146,100130311145,PREV
100130311147,100130311146,PREV
100130311148,100130311147,PREV
100130311149,100130311148,PREV
100130312150,100130312149,PREV
100130312151,100130312150,PREV
100130312152,100130312151,PREV
100130312153,100130312152,PREV
100130312154,100130312153,PREV
100130312155,100130312154,PREV
100130312156,100130312155,PREV
100130312157,100130312156,PREV
100130312158,100130312157,PREV
100130312159,100130312158,PREV
100130312160,100130312159,PREV
100130312161,100130312160,PREV
100130312162,100130312161,PREV
100130312163,100130312162,PREV
100130312164,100130312163,PREV
100130312165,100130312164,PREV
100130312166,100130312165,PREV
100130312167,100130312166,PREV
100130312168,100130312167,PREV
100130312169,100130312168,PREV
100130312170,100130312169,PREV
100130312171,100130312170,PREV
100130312172,100130312171,PREV
100130313173,100130313172,PREV
100130313174,100130313173,PREV
100130313175,100130313174,PREV
100130314176,100130314175,PREV
100130314177,100130314176,PREV
100130314178,100130314177,PREV
100130314179,100130314178,PREV
100130314180,100130314179,PREV
100130314181,100130314180,PREV
100130315182,100130315181,PREV
100130316183,100130316182,PREV
100130316184,100130316183,PREV
100130316185,100130316184,PREV
100130316186,100130316185,PREV
100130316187,100130316186,PREV
100130316188,100130316187,PREV
100130316189,100130316188,PREV
100130316190,100130316189,PREV
100130317191,100130317190,PREV
100130318192,100130318191,PREV
100130318193,100130318192,PREV
100141901002,100141901001,PREV
100141901003,100141901002,PREV
100141902004,100141902003,PREV
100141902005,100141902004,PREV
100141902006,100141902005,PREV
100141902007,100141902006,PREV
100141902008,100141902007,PREV
100141902009,100141902008,PREV
100141902010,100141902009,PREV
100141902011,100141902010,PREV
100141902012,100141902011,PREV
100141902013,100141902012,PREV
100141902014,100141902013,PREV
100141903015,100141903014,PREV
100141903016,100141903015,PREV
100141903017,100141903016,PREV
100141903018,100141903017,PREV
100141904019,100141904018,PREV
100141904020,100141904019,PREV
100141904021,100141904020,PREV
100141904022,100141904021,PREV
100141904023,100141904022,PREV
100141904024,100141904023,PREV
100141904025,100141904024,PREV
100141904026,100141904025,PREV
100141904027,100141904026,PREV
100141905028,100141905027,PREV
100141905029,100141905028,PREV
100141905030,100141905029,PREV
100141905031,100141905030,PREV
100141905032,100141905031,PREV
100141905033,100141905032,PREV
100141905034,100141905033,PREV
100141905035,100141905034,PREV
100141905036,100141905035,PREV
100141905037,100141905036,PREV
100141905038,100141905037,PREV
100141905039,100141905038,PREV
100141905040,100141905039,PREV
100141906041,100141906040,PREV
100141906042,100141906041,PREV
100141906043,100141906042,PREV
100141906044,100141906043,PREV
100141906045,100141906044,PREV
100141907046,100141907045,PREV
100141907047,100141907046,PREV
100141907048,100141907047,PREV
100141908049,100141908048,PREV
100141908050,100141908049,PREV
100141909051,100141909050,PREV
100141909052,100141909051,PREV
100141909053,100141909052,PREV
100141909054,100141909053,PREV
100141909055,100141909054,PREV
100141909056,100141909055,PREV
100141910057,100141910056,PREV
100141910058,100141910057,PREV
100141911059,100141911058,PREV
100141911060,100141911059,PREV
100141911061,100141911060,PREV
100141911062,100141911061,PREV
100141912063,100141912062,PREV
100141912064,100141912063,PREV
100141912065,100141912064,PREV
100141912066,100141912065,PREV
100141912067,100141912066,PREV
100141912068,100141912067,PREV
100141912069,100141912068,PREV
100181701002,100181701001,PREV
100181701003,100181701002,PREV
100181702004,100181702003,PREV
100181702005,100181702004,PREV
100181702006,100181702005,PREV
100181703007,100181703006,PREV
100181703008,100181703007,PREV
100181703009,100181703008,PREV
100181703010,100181703009,PREV
100181703011,100181703010,PREV
100181703012,100181703011,PREV
100181703013,100181703012,PREV
100181703014,100181703013,PREV
100181703015,100181703014,PREV
100181703016,100181703015,PREV
100181703017,100181703016,PREV
100181703018,100181703017,PREV
100181703019,100181703018,PREV
100181703020,100181703019,PREV
100181703021,100181703020,PREV
100181703022,100181703021,PREV
100181703023,100181703022,PREV
100181703024,100181703023,PREV
100181703025,100181703024,PREV
100181703026,100181703025,PREV
100181703027,100181703026,PREV
100181703028,100181703027,PREV
100181703029,100181703028,PREV
100181703030,100181703029,PREV
100181703031,100181703030,PREV
100181703032,100181703031,PREV
100181703033,100181703032,PREV
100181703034,100181703033,PREV
100181703035,100181703034,PREV
100181703036,100181703035,PREV
100181703037,100181703036,PREV
100181704038,100181704037,PREV
100181705039,100181705038,PREV
100181705040,100181705039,PREV
100181705041,100181705040,PREV
100181705042,100181705041,PREV
100181705043,100181705042,PREV
100181706044,100181706043,PREV
100181706045,100181706044,PREV
100181706046,100181706045,PREV
100181706047,100181706046,PREV
100181706048,100181706047,PREV
100181707049,100181707048,PREV
100181707050,100181707049,PREV
100181707051,100181707050,PREV
100181707052,100181707051,PREV
100181707053,100181707052,PREV
100181707054,100181707053,PREV
100181707055,100181707054,PREV
100181707056,100181707055,PREV
100181707057,100181707056,PREV
100181707058,100181707057,PREV
100181707059,100181707058,PREV
100181707060,100181707059,PREV
100181707061,100181707060,PREV
100181707062,100181707061,PREV
100181707063,100181707062,PREV
100181707064,100181707063,PREV
100181707065,100181707064,PREV
100181707066,100181707065,PREV
100181707067,100181707066,PREV
100181707068,100181707067,PREV
100181707069,100181707068,PREV
100181707070,100181707069,PREV
100181707071,100181707070,PREV
100181707072,100181707071,PREV
100181707073,100181707072,PREV
100181707074,100181707073,PREV
100181708075,100181708074,PREV
100181708076,100181708075,PREV
100181709077,100181709076,PREV
100181710078,100181710077,PREV
100181711079,100181711078,PREV
100181711080,100181711079,PREV
100181711081,100181711080,PREV
100181711082,100181711081,PREV
100181711083,100181711082,PREV
100181711084,100181711083,PREV
100181711085,100181711084,PREV
100181711086,100181711085,PREV
100181711087,100181711086,PREV
100181712088,100181712087,PREV
100181713089,100181713088,PREV
100181713090,100181713089,PREV
100181713091,100181713090,PREV
100190301002,100190301001,PREV
100190301004,100190301003,PREV
100190301005,100190301004,PREV
100190301006,100190301005,PREV
100190301007,100190301006,PREV
100190301008,100190301007,PREV
100190301009,100190301008,PREV
100190302010,100190302009,PREV
100190302011,100190302010,PREV
100190302012,100190302011,PREV
100190302013,100190302012,PREV
100190302014,100190302013,PREV
100190302015,100190302014,PREV
100190302016,100190302015,PREV
100190302017,100190302016,PREV
100190302018,100190302017,PREV
100190302019,100190302018,PREV
100190302020,100190302019,PREV
100190302021,100190302020,PREV
100190302022,100190302021,PREV
100190302023,100190302022,PREV
100190302024,100190302023,PREV
100190302025,100190302024,PREV
100190302026,100190302025,PREV
100190302027,100190302026,PREV
100190302028,100190302027,PREV
100190302029,100190302028,PREV
100190302030,100190302029,PREV
100190302031,100190302030,PREV
100190302032,100190302031,PREV
100190302033,100190302032,PREV
100190302034,100190302033,PREV
100190303035,100190303034,PREV
100190303036,100190303035,PREV
100190303037,100190303036,PREV
100190303038,100190303037,PREV
100190303039,100190303038,PREV
100190303040,100190303039,PREV
100190303041,100190303040,PREV
100190303042,100190303041,PREV
100190303043,100190303042,PREV
100190303044,100190303043,PREV
100190303045,100190303044,PREV
100190303046,100190303045,PREV
100190303047,100190303046,PREV
100190303048,100190303047,PREV
100190303049,100190303048,PREV
100190303050,100190303049,PREV
100190303051,100190303050,PREV
100190303052,100190303051,PREV
100190303053,100190303052,PREV
100190303054,100190303053,PREV
100190303055,100190303054,PREV
100190303056,100190303055,PREV
100190303057,100190303056,PREV
100190303058,100190303057,PREV
100190303059,100190303058,PREV
100190303060,100190303059,PREV
100190303061,100190303060,PREV
100190303062,100190303061,PREV
100190304063,100190304062,PREV
100190304064,100190304063,PREV
100190304065,100190304064,PREV
100190305066,100190305065,PREV
100190306067,100190306066,PREV
100190306068,100190306067,PREV
100190306069,100190306068,PREV
100190306070,100190306069,PREV
100190307071,100190307070,PREV
100190308072,100190308071,PREV
100190308073,100190308072,PREV
100190308074,100190308073,PREV
100190308075,100190308074,PREV
100190308076,100190308075,PREV
100190308077,100190308076,PREV
100190308078,100190308077,PREV
100190308079,100190308078,PREV
100190308080,100190308079,PREV
100190308081,100190308080,PREV
100190308082,100190308081,PREV
100190308083,100190308082,PREV
100190308084,100190308083,PREV
100190308085,100190308084,PREV
100190308086,100190308085,PREV
100190309087,100190309086,PREV
100190309088,100190309087,PREV
100190309089,100190309088,PREV
100190309090,100190309089,PREV
100190309091,100190309090,PREV
100190309092,100190309091,PREV
100190310093,100190310092,PREV
100190311094,100190311093,PREV
100190311095,100190311094,PREV
100210002002,100210002001,PREV
100210002003,100210002002,PREV
100210002004,100210002003,PREV
100210003005,100210003004,PREV
100210003006,100210003005,PREV
100210003007,100210003006,PREV
100210003008,100210003007,PREV
100210003009,100210003008,PREV
100210003010,100210003009,PREV
100210003011,100210003010,PREV
100210004012,100210004011,PREV
100210004013,100210004012,PREV
100210004014,100210004013,PREV
100210004015,100210004014,PREV
100210004016,100210004015,PREV
100210004017,100210004016,PREV
100210005018,100210005017,PREV
100210005019,100210005018,PREV
100210005020,100210005019,PREV
100210005021,100210005020,PREV
100210005022,100210005021,PREV
100210005023,100210005022,PREV
100210005024,100210005023,PREV
100210006025,100210006024,PREV
100210006026,100210006025,PREV
100210006027,100210006026,PREV
100210007028,100210007027,PREV
100210007029,100210007028,PREV
100210008030,100210008029,PREV
100210008031,100210008030,PREV
100210008032,100210008031,PREV
100210008033,100210008032,PREV
100210008034,100210008033,PREV
100210009035,100210009034,PREV
100210009036,100210009035,PREV
100210010037,100210010036,PREV
100210010038,100210010037,PREV
100210010039,100210010038,PREV
100210011040,100210011039,PREV
100210011041,100210011040,PREV
100210012042,100210012041,PREV
100210012043,100210012042,PREV
100210013044,100210013043,PREV
100210014045,100210014044,PREV
100210014046,100210014045,PREV
100210015047,100210015046,PREV
100020401002,100020401001,PREV
100020401003,100020401002,PREV
100020401004,100020401003,PREV
100020401005,100020401004,PREV
100020402006,100020402005,PREV
100020402007,100020402006,PREV
100020402008,100020402007,PREV
100020402009,100020402008,PREV
100020402010,100020402009,PREV
100020402011,100020402010,PREV
100020402012,100020402011,PREV
100020402013,100020402012,PREV
100020402014,100020402013,PREV
100020402015,100020402014,PREV
100020402016,100020402015,PREV
100020402017,100020402016,PREV
100020402018,100020402017,PREV
100020402019,100020402018,PREV
100020402020,100020402019,PREV
100020402021,100020402020,PREV
100020402022,100020402021,PREV
100020402024,100020402023,PREV
100020402025,100020402024,PREV
100020402026,100020402025,PREV
100020402027,100020402026,PREV
100020402028,100020402027,PREV
100020402029,100020402028,PREV
100020402030,100020402029,PREV
100020402031,100020402030,PREV
100020402032,100020402031,PREV
100020402033,100020402032,PREV
100020402034,100020402033,PREV
100020402035,100020402034,PREV
100020402036,100020402035,PREV
100020402037,100020402036,PREV
100020402038,100020402037,PREV
100020402039,100020402038,PREV
100020402040,100020402039,PREV
100020402041,100020402040,PREV
100020402042,100020402041,PREV
100020402043,100020402042,PREV
100020402044,100020402043,PREV
100020402045,100020402044,PREV
100020402046,100020402045,PREV
100020402047,100020402046,PREV
100020402048,100020402047,PREV
100020402049,100020402048,PREV
100020402050,100020402049,PREV
100020402051,100020402050,PREV
100020402052,100020402051,PREV
100020402053,100020402052,PREV
100020402054,100020402053,PREV
100020403055,100020403054,PREV
100020403056,100020403055,PREV
100020403057,100020403056,PREV
100020403058,100020403057,PREV
100020403059,100020403058,PREV
100020403060,100020403059,PREV
100020403061,100020403060,PREV
100020403062,100020403061,PREV
100020403063,100020403062,PREV
100020403064,100020403063,PREV
100020403065,100020403064,PREV
100020403066,100020403065,PREV
100020403067,100020403066,PREV
100020403068,100020403067,PREV
100020403069,100020403068,PREV
100020403070,100020403069,PREV
100020403071,100020403070,PREV
100020403072,100020403071,PREV
100020403073,100020403072,PREV
100020403074,100020403073,PREV
100020403075,100020403074,PREV
100020403077,100020403076,PREV
100020403078,100020403077,PREV
100020403079,100020403078,PREV
100020403080,100020403079,PREV
100020404081,100020404080,PREV
100020404082,100020404081,PREV
100020404083,100020404082,PREV
100020404084,100020404083,PREV
100020404085,100020404084,PREV
100020404086,100020404085,PREV
100020404087,100020404086,PREV
100020404088,100020404087,PREV
100020404089,100020404088,PREV
100020404090,100020404089,PREV
100020404091,100020404090,PREV
100020404092,100020404091,PREV
100020404093,100020404092,PREV
100020404094,100020404093,PREV
100020404095,100020404094,PREV
100020404096,100020404095,PREV
100020404097,100020404096,PREV
100020404098,100020404097,PREV
100020404099,100020404098,PREV
100020404100,100020404099,PREV
100020404101,100020404100,PREV
100020404102,100020404101,PREV
100020404103,100020404102,PREV
100020404104,100020404103,PREV
100020404105,100020404104,PREV
100020404107,100020404106,PREV
100020404108,100020404107,PREV
100020404109,100020404108,PREV
100020404110,100020404109,PREV
100020404111,100020404110,PREV
100020404112,100020404111,PREV
100020404113,100020404112,PREV
100020404114,100020404113,PREV
100020404115,100020404114,PREV
100020405116,100020405115,PREV
100020405117,100020405116,PREV
100020405118,100020405117,PREV
100020405119,100020405118,PREV
100020405120,100020405119,PREV
100020405121,100020405120,PREV
100020405122,100020405121,PREV
100020406123,100020406122,PREV
100020407124,100020407123,PREV
100020408125,100020408124,PREV
100020408126,100020408125,PREV
100400402002,100400402001,PREV
100400402003,100400402002,PREV
100400402004,100400402003,PREV
100400403005,100400403004,PREV
100400404006,100400404005,PREV
100400404007,100400404006,PREV
100400404008,100400404007,PREV
100400404009,100400404008,PREV
100400404010,100400404009,PREV
100400404011,100400404010,PREV
100400404012,100400404011,PREV
100400405013,100400405012,PREV
100400405014,100400405013,PREV
100400405015,100400405014,PREV
100400405016,100400405015,PREV
100400405017,100400405016,PREV
100400406018,100400406017,PREV
100400406019,100400406018,PREV
100400406020,100400406019,PREV
100400406021,100400406020,PREV
100400406022,100400406021,PREV
100400406023,100400406022,PREV
100400406024,100400406023,PREV
100400406025,100400406024,PREV
100400406026,100400406025,PREV
100400406027,100400406026,PREV
100400406028,100400406027,PREV
100400406029,100400406028,PREV
100400406030,100400406029,PREV
100400406031,100400406030,PREV
100400406032,100400406031,PREV
100400406033,100400406032,PREV
100400406034,100400406033,PREV
100400406035,100400406034,PREV
100400406036,100400406035,PREV
100400406037,100400406036,PREV
100400406038,100400406037,PREV
100400406039,100400406038,PREV
100400406040,100400406039,PREV
100400406041,100400406040,PREV
100400406042,100400406041,PREV
100400406043,100400406042,PREV
100400406044,100400406043,PREV
100400406045,100400406044,PREV
100400406046,100400406045,PREV
100400407047,100400407046,PREV
100400407048,100400407047,PREV
100400407049,100400407048,PREV
100400407050,100400407049,PREV
100400407051,100400407050,PREV
100400408052,100400408051,PREV
100400409053,100400409052,PREV
100400704063,100400704062,PREV
100400704064,100400704063,PREV
100400704065,100400704064,PREV
100400704066,100400704065,PREV
100400704067,100400704066,PREV
100400704068,100400704067,PREV
100400704069,100400704068,PREV
100400704070,100400704069,PREV
100400704071,100400704070,PREV
100400704072,100400704071,PREV
100400704073,100400704072,PREV
100400705074,100400705073,PREV
100400706075,100400706074,PREV
100400706076,100400706075,PREV
100400706077,100400706076,PREV
100400706078,100400706077,PREV
100400706079,100400706078,PREV
100400706080,100400706079,PREV
100400706081,100400706080,PREV
100400706082,100400706081,PREV
100400706083,100400706082,PREV
100400706084,100400706083,PREV
100400706085,100400706084,PREV
100400706086,100400706085,PREV
100400706087,100400706086,PREV
100400706088,100400706087,PREV
100400706089,100400706088,PREV
100400706090,100400706089,PREV
100400706091,100400706090,PREV
100400707092,100400707091,PREV
100400707093,100400707092,PREV
100400707094,100400707093,PREV
100400707095,100400707094,PREV
100400707096,100400707095,PREV
100400707097,100400707096,PREV
100400707098,100400707097,PREV
100400707099,100400707098,PREV
100400707100,100400707099,PREV
100400707101,100400707100,PREV
100400707102,100400707101,PREV
100400707103,100400707102,PREV
100400707104,100400707103,PREV
100400707105,100400707104,PREV
100400707106,100400707105,PREV
100400707107,100400707106,PREV
100400707108,100400707107,PREV
100400707109,100400707108,PREV
100400707110,100400707109,PREV
100400707111,100400707110,PREV
100400707112,100400707111,PREV
100400707113,100400707112,PREV
100400707114,100400707113,PREV
100400707115,100400707114,PREV
100400707116,100400707115,PREV
100400707117,100400707116,PREV
100400707118,100400707117,PREV
100400707119,100400707118,PREV
100400707120,100400707119,PREV
100400707121,100400707120,PREV
100400708122,100400708121,PREV
100400708123,100400708122,PREV
100400708124,100400708123,PREV
100400708125,100400708124,PREV
100400708126,100400708125,PREV
100400708127,100400708126,PREV
100400708128,100400708127,PREV
100400708129,100400708128,PREV
100400708130,100400708129,PREV
100400708131,100400708130,PREV
100400708132,100400708131,PREV
100400708133,100400708132,PREV
100400708134,100400708133,PREV
100400708135,100400708134,PREV
100400708136,100400708135,PREV
100400708137,100400708136,PREV
100400709138,100400709137,PREV
100400709139,100400709138,PREV
100400709140,100400709139,PREV
100400709141,100400709140,PREV
100400710142,100400710141,PREV
100400710143,100400710142,PREV
100400710144,100400710143,PREV
100400710145,100400710144,PREV
100400710146,100400710145,PREV
100400710147,100400710146,PREV
100400710148,100400710147,PREV
100400710149,100400710148,PREV
100400710150,100400710149,PREV
100400710151,100400710150,PREV
100400710152,100400710151,PREV
100400711153,100400711152,PREV
100400712154,100400712153,PREV
100400712155,100400712154,PREV
100400712156,100400712155,PREV
100400713157,100400713156,PREV
100400713158,100400713157,PREV
100400714159,100400714158,PREV
100400714160,100400714159,PREV
100400714161,100400714160,PREV
100059903004,100059903003,PREV
100059903006,100059903005,PREV
100059903014,100059903013,PREV
100059904018,100059904017,PREV
100059904023,100059904022,PREV
100059905026,100059905025,PREV
100059905028,100059905027,PREV
100059906030,100059906029,PREV
100059906031,100059906030,PREV
100059906032,100059906031,PREV
100059906033,100059906032,PREV
100059906034,100059906033,PREV
100059906035,100059906034,PREV
100059906036,100059906035,PREV
100059907039,100059907038,PREV
100059907042,100059907041,PREV
100059907043,100059907042,PREV
100059907044,100059907043,PREV
100059907046,100059907045,PREV
100059908047,100059908046,PREV
100059908049,100059908048,PREV
100059909050,100059909049,PREV
100059910053,100059910052,PREV
100089902002,100089902001,PREV
100089902003,100089902002,PREV
100089903004,100089903003,PREV
100089903005,100089903004,PREV
100089903006,100089903005,PREV
100089903007,100089903006,PREV
100089904008,100089904007,PREV
100089904009,100089904008,PREV
100089904010,100089904009,PREV
100089904011,100089904010,PREV
100089904012,100089904011,PREV
100089904013,100089904012,PREV
100089904014,100089904013,PREV
100089904015,100089904014,PREV
100089904016,100089904015,PREV
100089904017,100089904016,PREV
100089905018,100089905017,PREV
100089906019,100089906018,PREV
100089906020,100089906019,PREV
100089906021,100089906020,PREV
100089906022,100089906021,PREV
100089906023,100089906022,PREV
100089906024,100089906023,PREV
100089906025,100089906024,PREV
100089906026,100089906025,PREV
100089906027,100089906026,PREV
100089906028,100089906027,PREV
100089907029,100089907028,PREV
100089907030,100089907029,PREV
100089908031,100089908030,PREV
100089908032,100089908031,PREV
100089908033,100089908032,PREV
100089908034,100089908033,PREV
100089908035,100089908034,PREV
100089908036,100089908035,PREV
100089908037,100089908036,PREV
100089908038,100089908037,PREV
100089908039,100089908038,PREV
100089908040,100089908039,PREV
100089908041,100089908040,PREV
100089908042,100089908041,PREV
100089908043,100089908042,PREV
100089909044,100089909043,PREV
100089910045,100089910044,PREV
100089910046,100089910045,PREV
100089910047,100089910046,PREV
100089910048,100089910047,PREV
100089911049,100089911048,PREV
100089911050,100089911049,PREV
100089911051,100089911050,PREV
100089911052,100089911051,PREV
100089911053,100089911052,PREV
100089911054,100089911053,PREV
100089911055,100089911054,PREV
100089911056,100089911055,PREV
100089911057,100089911056,PREV
100089911058,100089911057,PREV
100089912059,100089912058,PREV
100089913060,100089913059,PREV
100089913061,100089913060,PREV
100089913062,100089913061,PREV
100089913063,100089913062,PREV
100089914064,100089914063,PREV
100089915065,100089915064,PREV
100081601002,100081601001,PREV
100081601003,100081601002,PREV
100081602004,100081602003,PREV
100081603005,100081603004,PREV
100081603006,100081603005,PREV
100081603007,100081603006,PREV
100081603008,100081603007,PREV
100081603009,100081603008,PREV
100081603010,100081603009,PREV
100081603011,100081603010,PREV
100081603012,100081603011,PREV
100081603013,100081603012,PREV
100081603014,100081603013,PREV
100081603015,100081603014,PREV
100081603016,100081603015,PREV
100081603017,100081603016,PREV
100081603018,100081603017,PREV
100081603019,100081603018,PREV
100081603020,100081603019,PREV
100081603021,100081603020,PREV
100081603022,100081603021,PREV
100081603023,100081603022,PREV
100081603024,100081603023,PREV
100081603025,100081603024,PREV
100081603026,100081603025,PREV
100081604027,100081604026,PREV
100081604028,100081604027,PREV
100081604029,100081604028,PREV
100081604030,100081604029,PREV
100081604031,100081604030,PREV
100081604032,100081604031,PREV
100081604033,100081604032,PREV
100081604034,100081604033,PREV
100081604035,100081604034,PREV
100081604036,100081604035,PREV
100081604037,100081604036,PREV
100081604038,100081604037,PREV
100081604039,100081604038,PREV
100081604040,100081604039,PREV
100081604041,100081604040,PREV
100081604042,100081604041,PREV
100081604043,100081604042,PREV
100081604044,100081604043,PREV
100081604045,100081604044,PREV
100081604046,100081604045,PREV
100081604047,100081604046,PREV
100081604048,100081604047,PREV
100081604049,100081604048,PREV
100081604050,100081604049,PREV
100081604051,100081604050,PREV
100081604052,100081604051,PREV
100081604053,100081604052,PREV
100081604054,100081604053,PREV
100081604055,100081604054,PREV
100081604056,100081604055,PREV
100081604057,100081604056,PREV
100081604058,100081604057,PREV
100081604059,100081604058,PREV
100081604060,100081604059,PREV
100081604061,100081604060,PREV
100081604062,100081604061,PREV
100081604063,100081604062,PREV
100081604064,100081604063,PREV
100081604065,100081604064,PREV
100081604066,100081604065,PREV
100081604067,100081604066,PREV
100081604068,100081604067,PREV
100081604069,100081604068,PREV
100081604070,100081604069,PREV
100081604071,100081604070,PREV
100081604072,100081604071,PREV
100081604073,100081604072,PREV
100081604074,100081604073,PREV
100081604075,100081604074,PREV
100081604076,100081604075,PREV
100081604077,100081604076,PREV
100081604078,100081604077,PREV
100081604079,100081604078,PREV
100081604080,100081604079,PREV
100081604081,100081604080,PREV
100081604082,100081604081,PREV
100081604083,100081604082,PREV
100081604084,100081604083,PREV
100081604085,100081604084,PREV
100081604086,100081604085,PREV
100081604087,100081604086,PREV
100081604088,100081604087,PREV
100081604089,100081604088,PREV
100081604090,100081604089,PREV
100081604091,100081604090,PREV
100081604092,100081604091,PREV
100081604093,100081604092,PREV
100081604094,100081604093,PREV
100081604095,100081604094,PREV
100081604096,100081604095,PREV
100081604097,100081604096,PREV
100081604098,100081604097,PREV
100081604099,100081604098,PREV
100081604100,100081604099,PREV
100081604101,100081604100,PREV
100081604102,100081604101,PREV
100081604103,100081604102,PREV
100081604104,100081604103,PREV
100081604105,100081604104,PREV
100081604106,100081604105,PREV
100081604107,100081604106,PREV
100081604108,100081604107,PREV
100081604109,100081604108,PREV
100081604110,100081604109,PREV
100081604111,100081604110,PREV
100081604112,100081604111,PREV
100081604113,100081604112,PREV
100081604114,100081604113,PREV
100081604115,100081604114,PREV
100081604116,100081604115,PREV
100081604117,100081604116,PREV
100081604118,100081604117,PREV
100081604119,100081604118,PREV
100081604120,100081604119,PREV
100081604121,100081604120,PREV
100081604122,100081604121,PREV
100081604123,100081604122,PREV
100081604124,100081604123,PREV
100081604125,100081604124,PREV
100081604126,100081604125,PREV
100081604127,100081604126,PREV
100081604128,100081604127,PREV
100081605129,100081605128,PREV
100081605130,100081605129,PREV
100081606131,100081606130,PREV
100081606132,100081606131,PREV
100081606133,100081606132,PREV
100081606134,100081606133,PREV
100081607135,100081607134,PREV
100081608136,100081608135,PREV
100081608137,100081608136,PREV
100081609138,100081609137,PREV
100081609139,100081609138,PREV
100081609140,100081609139,PREV
100081609141,100081609140,PREV
100081610142,100081610141,PREV
100081610143,100081610142,PREV
100081611144,100081611143,PREV
100081611145,100081611144,PREV
100081612146,100081612145,PREV
100081612147,100081612146,PREV
100081613148,100081613147,PREV
100081613149,100081613148,PREV
100081613150,100081613149,PREV
100081613151,100081613150,PREV
100081613152,100081613151,PREV
100081613153,100081613152,PREV
211471700002,211471700001,PREV
211471700003,211471700002,PREV
211471700004,211471700003,PREV
211471700005,211471700004,PREV
211471700006,211471700005,PREV
211471700007,211471700006,PREV
211471700008,211471700007,PREV
211471700009,211471700008,PREV
211471700010,211471700009,PREV
211471700011,211471700010,PREV
211471700012,211471700011,PREV
211471700013,211471700012,PREV
211471700014,211471700013,PREV
211471700015,211471700014,PREV
211961900002,211961900001,PREV
211961900003,211961900002,PREV
211961900004,211961900003,PREV
211961900005,211961900004,PREV
211961900006,211961900005,PREV
211961900007,211961900006,PREV
217011500002,217011500001,PREV
217011500003,217011500002,PREV
217021500002,217021500001,PREV
217021500003,217021500002,PREV
217021500004,217021500003,PREV
217601400002,217601400001,PREV
217601400003,217601400002,PREV
217601400004,217601400003,PREV
203111800002,203111800001,PREV
203111800003,203111800002,PREV
203111800004,203111800003,PREV
203111800005,203111800004,PREV
204131400002,204131400001,PREV
204131400003,204131400002,PREV
204131400004,204131400003,PREV
204141400002,204141400001,PREV
204141400003,204141400002,PREV
204141400004,204141400003,PREV
204141400005,204141400004,PREV
208352200015,208352200014,PREV
208352200016,208352200015,PREV
208352200017,208352200016,PREV
208352200018,208352200017,PREV
208352200019,208352200018,PREV
208352200020,208352200019,PREV
208352200021,208352200020,PREV
208352200022,208352200021,PREV
208352200023,208352200022,PREV
208352200024,208352200023,PREV
208352200025,208352200024,PREV
209342100002,209342100001,PREV
209392200006,209392200005,PREV
209392200010,209392200009,PREV
209392200012,209392200011,PREV
209392200021,209392200020,PREV
209392200022,209392200021,PREV
209392200023,209392200022,PREV
209392200024,209392200023,PREV
209392200025,209392200024,PREV
209612200002,209612200001,PREV
204472100002,204472100001,PREV
200461800002,200461800001,PREV
200461800003,200461800002,PREV
200461800004,200461800003,PREV
200461800005,200461800004,PREV
200461800006,200461800005,PREV
200461800007,200461800006,PREV
200461800008,200461800007,PREV
200461800009,200461800008,PREV
200461800010,200461800009,PREV
208122100002,208122100001,PREV
208122100003,208122100002,PREV
208122100005,208122100004,PREV
300410300002,300410300001,PREV
300410300003,300410300002,PREV
300410300004,300410300003,PREV
300410300005,300410300004,PREV
300410300006,300410300005,PREV
300642300002,300642300001,PREV
300642300003,300642300002,PREV
300352100037,300352100036,PREV
300352100038,300352100037,PREV
300352100039,300352100038,PREV
300352100040,300352100039,PREV
300352100041,300352100040,PREV
300352100042,300352100041,PREV
300352100043,300352100042,PREV
300352100044,300352100043,PREV
300352100045,300352100044,PREV
300352100046,300352100045,PREV
300352100047,300352100046,PREV
300352100048,300352100047,PREV
300352100049,300352100048,PREV
300352100050,300352100049,PREV
300352100051,300352100050,PREV
300352100052,300352100051,PREV
300352100053,300352100052,PREV
300352100054,300352100053,PREV
300352100055,300352100054,PREV
300352100056,300352100055,PREV
300352100057,300352100056,PREV
300352100058,300352100057,PREV
300352100059,300352100058,PREV
300197300002,300197300001,PREV
300197300003,300197300002,PREV
300197300004,300197300003,PREV
300197300005,300197300004,PREV
300197300006,300197300005,PREV
100182300002,100182300001,PREV
100182300003,100182300002,PREV
100182300004,100182300003,PREV
100182300005,100182300004,PREV
100182300006,100182300005,PREV
100182300007,100182300006,PREV
100182300008,100182300007,PREV
100182300009,100182300008,PREV
100182300010,100182300009,PREV
100182300011,100182300010,PREV
100182300012,100182300011,PREV
100182300013,100182300012,PREV
100017000002,100017000001,PREV
100017000003,100017000002,PREV
100017000004,100017000003,PREV
100017000005,100017000004,PREV
100017000006,100017000005,PREV
100017000007,100017000006,PREV
100017000008,100017000007,PREV
100017000009,100017000008,PREV
100017000010,100017000009,PREV
100017000011,100017000010,PREV
100017000012,100017000011,PREV
100017000013,100017000012,PREV
100017000014,100017000013,PREV
100017000015,100017000014,PREV
100017000016,100017000015,PREV
100017000017,100017000016,PREV
100017000018,100017000017,PREV
100400700035,100400700034,PREV
100400700036,100400700035,PREV
100400700037,100400700036,PREV
100400700038,100400700037,PREV
100400700039,100400700038,PREV
100400700040,100400700039,PREV
100400700041,100400700040,PREV
100400700042,100400700041,PREV
100400700043,100400700042,PREV
100400700044,100400700043,PREV
100400700045,100400700044,PREV
100400700046,100400700045,PREV
100400700047,100400700046,PREV
100400700048,100400700047,PREV
100400700049,100400700048,PREV
100400700050,100400700049,PREV
100400700051,100400700050,PREV
100400700052,100400700051,PREV
100400700053,100400700052,PREV
100400700054,100400700053,PREV
100400700055,100400700054,PREV
100400700056,100400700055,PREV
100400700057,100400700056,PREV
100400700058,100400700057,PREV
100400700059,100400700058,PREV
100400700060,100400700059,PREV
100400700061,100400700060,PREV
100400700062,100400700061,PREV
100062300002,100062300001,PREV
