judul,Judul_id,Pasal,Pasal_id,Content
UU No 18 Tahun 2023,1001823,PASAL 1,100182300001,Pertanggungiawaban atas pelaksanaan Anggaran Pendapatan dan Belanja Negara Tahun Anggaran 2A22 tertuang dalam Laporan Keuangan Pemerintah Pusat Tahun 2022.
UU No 18 Tahun 2023,1001823,PASAL 2,100182300002,"(1) Laporan Keuangan Pemerintah Pusat sebagaimana dimaksud dalam Pasal 1, terdiri atas: a. Laporan Realisasi Anggaran Pendapatan dan Belanja Negara Tahun Anggaran 2022; b. Laporan Perubahan Saldo Anggaran Lebih Tahun Anggaran 2022; c. Neraca per 31 Desember 2022; d. Laporan Operasional Tahun Anggaran 2A22; e. Laporan Arus Kas Tahun Anggaran 2022; SK No 172307 A REPUBUK INDONESIA4 f. Laporan Perubahan Ekuitas Tahun Anggaran 2022; dan g. Catatan atas Laporan Keuangan. (21 Laporan Keuangan Pemerintah Pusat sebagaimana dimaksud pada ayat (1) merupakan laporan keuangan yang disusun dan disajikan sesuai dengan Standar Akuntansi Pemerintahan berbasis akrual. (3) Laporan Keuangan Pemerintah Pusat sebagaimana dimaksud pada ayat (1) dilampiri mengenai Ikhtisar Laporan Keuangan Perusahaan Negara dan Badan Lainnya. (4) Laporan Keuangan Pemerintah Pusat sebagaimana dimaksud pada ayat (1) dan ayat (3) tercantum dalam Lampiran yang merupakan bagian tidak terpisahkan dari UndangUndang ini."
UU No 18 Tahun 2023,1001823,PASAL 3,100182300003,"Laporan Realisasi Anggaran Pendapatan dan Belanja Negara Tahun Anggaran 2022 sebagaimana dimaksud dalam Pasal 2 ayat (1) huruf a memberikan informasi keuangan sebagai berikut: a. realisasi Pendapatan Negara Tahun Anggaran 2022 sebesar Rp2.635.843.O46.O64.472,OO (dua kuadriliun enam ratus tiga puluh lima triliun delapan ratus empat puluh tiga miliar empat puluh enam juta enam puluh empat ribu empat ratus tujuh puluh dua rupiah) yang berarti 116,317o (seratus enam belas koma tiga satu persen) dari Anggaran Pendapatan dalam Anggaran Pendapatan dan Belanja Negara Tahun Anggaran 2022 sebesar Rp2.266.198.933.402.000,00 (dua kuadriliun dua ratus enam puluh enam triliun seratus sembilan puluh delapan miliar sembilan ratus tiga puluh tiga juta empat ratus dua ribu rupiah); b. realisasi Belanja Negara Tahun Anggaran 2022 sebesar Rp3.096.262.719.1O2.674,00 (tiga kuadriliun sembilan puluh enam triliun dua ratus enam puluh dua miliar tujuh ratus sembilan belas juta seratus dua ribu enam ratus tujuh puluh empat rupiah) yang berarti 99,670/o (sembilan puluh sembilan koma enam tujuh persen) dari Anggaran Belanja dalam Anggaran Pendapatan dan Belanja Negara Tahun Anggaran 2022 sebesar RpS. 106.425.255.592.000,00 (tiga kuadriliun seratus enam triliun empat ratus dua puluh lima miliar dua ratus lima puluh lima juta lima ratus sembilan puluh dua ribu rupiah); SK No 172306Ac. berdasarkan REPUBLIK INDONESTA5 c. berdasarkan realisasi Pendapatan Negara sebagaimana dimaksud dalam huruf a dan realisasi Belanja Negara sebagaimana dimaksud dalam huruf b, terdapat realisasi Defisit Anggaran Tahun Anggaran 2022 sebesar Rp460.4 1 9.673.03 8.2O2,OO (empat ratus enam puluh triliun empat ratus sembilan belas miliar enam ratus tujuh puluh tiga juta tiga puluh delapan ribu dua ratus dua rupiah) yang berarti 54,8Oo/o (lima puluh empat koma delapan nol persen) dari estimasi defisit dalam Anggaran Pendapatan dan Belanja Negara Tahun Anggaran 2022 sebesar Rp84a.226.322.19O.O00,O0 (delapan ratus empat puluh triliun dua ratus dua puluh enam miliar tiga ratus dua puluh dua juta seratus sembilan puluh ribu rupiah); d. Pembiayaan untuk menutup realisasi Defisit Anggaran sebagaimana dimaksud dalam huruf c, sebesar Rp590.97S.140.09O.153,00 (lima ratus sembilan puluh triliun sembilan ratus tujuh puluh delapan miliar seratus empat puluh juta sembilan puluh ribu seratus lima puluh tiga rupiah) yang berarti 7o,34oh (tujuh puluh koma tiga empat persen) dari anggaran pembiayaan dalam Anggaran Pendapatan dan Belanja Negara Tahun Anggaran 2022 sebesar Rp84O.226.322.190.000,00 (delapan ratus empat puluh triliun dua ratus dua puluh enam miliar tiga ratus dua puluh dua juta seratus sembilan puluh ribu rupiah); e. berdasarkan realisasi Defisit Anggaran sebagaimana dimaksud dalam huruf c dan realisasi Pembiayaan sebagaimana dimaksud dalam huruf d, terdapat Sisa Lebih Pembiayaan Anggaran sebesar Rp13O,558.467.051.951,00 (seratus tiga puluh triliun lima ratus lima puluh delapan miliar empat ratus enam puluh tujuh juta lima puluh satu ribu sembilan ratus lima puluh satu rupiah); f. realisasi Pendapatan Negara sebagaimana dimaksud dalam huruf a, termasuk realisasi penerimaan minyak bumi dan gas alam serta pendapatan Badan Layanan Umum dari Kerja Sama Operasi yang dilaporkan berdasarkan asas neto. REPI.JBLTK INDONESIA6"
UU No 18 Tahun 2023,1001823,PASAL 4,100182300004,"Laporan Perubahan Saldo Anggaran Lebih Tahun Anggaran 2A22 sebagaimana dimaksud dalam Pasal 2 ayat (Ll huruf b memberikan informasi keuangan sebagai berikut: a. Saldo Anggaran Lebih Awal Tahun Anggaran 2022 sebesar Rp337.779.O06.818.346,O0 (tiga ratus tiga puluh tujuh triliun tujuh ratus tduh puluh sembilan miliar enam juta delapan ratus delapan belas ribu tiga ratus empat puluh enam rupiah); b. tidak terdapat Penggunaan Saldo Anggaran Lebih sebagai Penerimaan Pembiayaan Tahun Berjalan; c. Sisa Lebih Pembiayaan Anggaran Tahun Anggaran 2022 sebagaimana dimaksud dalam Pasal 3 huruf e sebesar Rp130.558.467.051.951,0O (seratus tiga puluh triliun lima ratus lima puluh delapan miliar empat ratus enam puluh tqiuh juta lima puluh satu ribu sembilan ratus lima puluh satu rupiah); d. berdasarkan Saldo Anggaran Lebih Awal Tahun Anggaran 2022 sebagaimana dimaksud dalam huruf a, Penggunaan Saldo Anggaran Lebih sebagai Penerimaan Pembiayaan Tahun Berjalan sebagaimana dimaksud dalam huruf b, dan Sisa Lebih Pembiayaan Anggaran Tahun Anggaran 2022 sebagaimana dimaksud dalam huruf c, terdapat Saldo Anggaran Irbih Sebelum Penyesuaian sebesar Rp468.337.473.870.297,OO (empat ratus enam puluh delapan triliun tiga ratus tiga puluh tujuh miliar empat ratus tujuh puluh tiga juta delapan ratus tujuh puluh ribu dua ratus sembilan puluh tujuh rupiah); e. penyesuaian Saldo Anggaran Lebih Tahun Anggaran 2022 sebesar Rp1O.619.682.449.104,00 (sepuluh triliun enam ratus sembilan belas miliar enam ratus delapan puluh dua juta empat ratus empat puluh sembilan ribu seratus empat rupiah); SK No 1723044 REPI,JBLIK INDONESIA7  f. berdasarkan Saldo Anggaran Lebih Sebelum Penyesuaian sebagaimana dimaksud dalam huruf d dan Penyesuaian Saldo Anggaran Lebih Tahun Anggaran 2022 sebagaimana dimaksud dalam huruf e, terdapat Saldo Anggaran Lebih Akhir Tahun Anggaran 2022 sebesar Rp478.957.L56.319.4O1,0O (empat ratus tujuh puluh delapan triliun sembilan ratus lima puluh tujuh miliar seratus lima puluh enam juta tiga ratus sembilan belas ribu empat ratus satu rupiah)."
UU No 18 Tahun 2023,1001823,PASAL 5,100182300005,"Neraca per 31 Desember 2022 sebagaimana dimaksud dalam Pasal 2 ayat (1) huruf c memberikan informasi keuangan sebagai berikut: a. jumlah Aset sebesar Rp12.325.45O.869.572.9O8,00 (dua belas kuadriliun tiga ratus dua puluh lima triliun empat ratus lima puluh miliar delapan ratus enam puluh sembilan juta lima ratus tujuh puluh dua ribu sembilan ratus delapan rupiah); b. jumlah Kewajiban sebesar Rp8.92O.557.813.O73.949,00 (delapan kuadriliun sembilan ratus dua puluh triliun lima ratus lima puluh tujuh miliar delapan ratus tiga belas juta tujuh puluh tiga ribu sembilan ratus empat puluh sembilan rupiah); c. jumlah Ekuitas sebesar Rp3.404.893.056.498.959,O0 (tiga kuadriliun empat ratus empat triliun delapan ratus sembilan puluh tiga miliar lima puluh enam juta empat ratus sembilan puluh delapan ribu sembilan ratus lima puluh sembilan rupiah)."
UU No 18 Tahun 2023,1001823,PASAL 6,100182300006,"Laporan Operasional Tahun Anggaran 2022 sebagairnana dimaksud dalam Pasal 2 ayat (1) huruf d memberikan informasi keuangan sebagai berikut: SK No 172303 AaPendapatan REPUBLIK TNDONESIA8 a. Pendapatan Operasional sebesar Rp2.913.654.063.761. 151,00 (dua kuadriliun sembilan ratus tiga belas triliun enam ratus lima puluh empat miliar enam puluh tiga juta tujuh ratus enam puluh satu ribu seratus lima puluh satu rupiah); b. Beban Operasional sebesar Rp3.150.204.520.263.628,00 (tiga kuadriliun seratus lima puluh triliun dua ratus empat miliar lima ratus dua puluh juta dua ratus enam puluh tiga ribu enam ratus dua puluh delapan rupiah); c. berdasarkan Pendapatan Operasional sebagaimana dimaksud dalam huruf a dan Beban Operasional sebagaimana dimaksud dalam huruf b, terdapat Defisit dari Kegiatan Operasional sebesar Rp236.550.456.502.477,OO (dua ratus tiga puluh enam triliun lima ratus lima puluh miliar empat ratus lima puluh enam juta lima ratus dua ribu empat ratus tujuh puluh tujuh rupiah); d. Defisit dari Kegiatan NonOperasional sebesar Rp243.721.982.514.215,00 (dua ratus empat puluh tiga triliun tujuh ratus dua puluh satu miliar sembilan ratus delapan puluh dua juta lima ratus empat belas ribu dua ratus lima belas mpiah); e. tidak terdapat Surplus/Defisit dari Pos Luar Biasa; f. berdasarkan Defisit dari Kegiatan Operasional sebagaimana dimaksud dalam huruf c, Defisit dari Kegiatan Non Operasional sebagaimana dimaksud dalam huruf d, dan Surplus/Defisit dari Pos Luar Biasa sebagaimana dimaksud dalam huruf e, terdapat Defisit Laporan Operasional Tahun Anggaran 2022 sebesar Rp48O.272.439.O16.692,OO (empat ratus delapan puluh triliun dua ratus tujuh puluh dua miliar empat ratus tiga puluh sembilan juta enam belas ribu enam ratus sembilan puluh dua rupiah). SK No 172302 AFRESIDEN"
UU No 18 Tahun 2023,1001823,PASAL 7,100182300007,"Laporan Arus Kas Tahun Anggaran 2022 sebagaimana dimaksud dalam Pasal 2 ayat (1) huruf e memberikan informasi keuangan sebagai berikut: a. jumlah Arus Kas Bersih dari Aktivitas Operasi sebesar minus Rp22O.433.644.891.532,00 (dua ratus dua puluh triliun empat ratus tiga puluh tiga miliar enam ratus empat puluh empat juta delapan ratus sembilan puluh satu ribu lima ratus tiga puluh dua rupiah); b. jumlah Arus Kas Bersih dari Aktivitas Investasi sebesar minus Rp347.174.O22.486.045,00 (tiga ratus empat puluh tujuh triliun seratus tujuh puluh empat miliar dua puluh dua juta empat ratus delapan puluh enam ribu empat puluh lima rupiah); c. jumlah Arus Kas Bersih dari Aktivitas Pendanaan sebesar Rp698. 1,66.134.429.528,00 (enam ratus sembilan puluh delapan triliun seratus enam puluh enam miliar seratus tiga puluh empat juta empat ratus dua puluh sembilan ribu lima ratus dua puluh delapan rupiah); d. jumlah Arus Kas Bersih dari Aktivitas Transitoris sebesar Rp2O.O42.387.123.266,00 (dua puluh triliun empat puluh dua miliar tiga ratus delapan puluh tujuh juta seratus dua puluh tiga ribu dua ratus enam puluh enam rupiah)."
UU No 18 Tahun 2023,1001823,PASAL 8,100182300008,"Laporan Perubahan Ekuitas Tahun Anggaran 2022 sebagaimana dimaksud dalam Pasal 2 ayat (1) huruf f memberikan informasi keuangan sebagai berikut: a. Ekuitas AwaI Tahun Anggaran 2022 sebesar Rp3.9 16.345. 179.380.43 1,00 (tiga kuadriliun sembilan ratus enam belas triliun tiga ratus empat puluh lima miliar seratus tujuh puluh sembilan juta tiga ratus delapan puluh ribu empat ratus tiga puluh satu rupiah); SK No 172325 Ab. Defisit 10  b. Defisit Laporan Operasional Tahun Anggaran 2022 sebagaimana dimaksud dalam Pasal 6 huruf f sebesar Rp48O.272.439.O16.692,OO (empat ratus delapan puluh triliun dua ratus tujuh puluh dua miliar empat ratus tiga puluh sembilan juta enam belas ribu enam ratus sembilan puluh dua rupiah); c. Koreksikoreksi yang Langsung Menambah/Mengurangi Ekuitas sebesar minus Rp31 .284.001.627.524,O0 (tiga puluh satu triliun dua ratus delapan puluh empat miliar satu juta enarn ratus dua puluh tujuh ribu lima ratus dua puluh empat rupiah); d. Transaksi Antar Entitas sebesar Rp104.3L7.762.744,00 (seratus empat miliar tiga ratus tujuh belas juta tujuh ratus enam puluh dua ribu tujuh ratus empat puluh empat rupiah); e. berdasarkan: 1. Ekuitas Awal Tahun Anggaran 2022 sebagaimana dimaksud dalam huruf a; 2. Defisit Laporan Operasional Tahun Anggaran 2022 sebagaimana dimaksud dalam huruf b; 3. Koreksikoreksi yang Langsung Menambah/Mengurangi Ekuitas sebagaimana dimaksud dalam huruf c; dan 4. Transaksi Antar Entitas sebagaimana dimaksud dalam huruf d, terdapat Ekuitas Akhir Tahun Anggaran 2022 sebesar Rp3.404.893.056.498.959,O0 (tiga kuadriliun empat ratus empat triliun delapan ratus sembilan puluh tiga miliar lima puluh enam juta empat ratus sembilan puluh delapan ribu sembilan ratus lima puluh sembilan rupiah). SK No 172324 A REPUELIK INDONESTA 11"
UU No 18 Tahun 2023,1001823,PASAL 9,100182300009,Catatan atas Laporan Keuangan sebagaimana dimaksud dalam Pasal 2 ayat (1) huruf g meliputi penjelasan atau daftar terinci atau analisis atas nilai suatu pos yang disajikan dalam: 1. Laporan Realisasi Anggaran Pendapatan dan Belanja Negara; 2.Laporan Perubahan Saldo Anggaran Lebih; 3. Neraca; 4 . Laporan Operasional; 5. Laporan Arus Kas; dan 6. Laporan Perubahan Ekuitas. 
UU No 18 Tahun 2023,1001823,Pasal 10,100182300010,"Saldo Anggaran Lebih dapat digunakan dalam hal realisasi anggaran pengeluaran melebihi realisasi anggaran penerimaan tahun anggaran berjalan, dan/atau terdapat pengembalian pendapatan tahuntahun yang lalu."
UU No 18 Tahun 2023,1001823,PASAL 11,100182300011,"Laporan Keuangan Pemerintah Pusat sebagaimana dimaksud dalam Pasal 2, telah diperiksa oleh Badan Pemeriksa Keuangan dengan opini Wajar Tanpa Pengecualian."
UU No 18 Tahun 2023,1001823,PASAL 12,100182300012,Pemerintah menindaklanjuti rekomendasi Badan Pemeriksa Keuangan dalam Laporan Hasil Pemeriksaan dan rekomendasi Dewan Perwakilan Rakyat secara efektif dan komprehensif sesuai dengan ketentuan peraturan perundangundangan.
UU No 18 Tahun 2023,1001823,PASAL 13,100182300013,UndangUndang ini mulai berlaku pada tanggal diundangkan. SK No 172323 AAgar REPUELIK INDONESTA  t2 
UU No 1 Tahun 1970,1000170,PASAL 1,100017000001,"Dalam Undang undang ini yang dimaksudkan dengan : (1) ""tempat kerja"" ialah tiap ruangan atau lapangan, tertutup atau terbuka, bergerak atau tetap, dimana tenaga kerja bekerja, atau yang sering dimasuki tenaga kerja untuk k eperluan suatu usaha dan di mana terdapat sumber atau sumber sumber bahaya sebagaimana diperinci dalam pasal 2; termasuk tempat kerja ialah semua ruangan, lapangan, halaman dan sekelilingnya yang merupakan bagian bagian atau yang berhubungan dengan tempat kerja tersebut; (2) ""pengurus"" ialah orang yang mempunyai tugas memimpin langsung sesuatu tempat kerja atau bagiannya yang berdiri sendiri; (3) ""pengusaha"" ialah : a.orang atau badan hukum yang menjalankan sesuatu usaha milik sendiri dan untuk keperluan itu mempergunakan tempat kerja; b.orang atau badan hukum yang secara berdiri sendiri menjalankan sesuatu usaha bukan miliknya dan untuk keperluan itu mempergunakan tempat kerja; c.orang atau badan hukum, yang di Indonesia mewakili orang atau badan hukum termaksud pada (a) dan (b), jikalau yang diwakili berkedudukan di luar Indonesia. (4) ""direktur"" ialah pejabat yang ditunjuk oleh Menteri Tenaga Kerja untuk melaksanakan Undang unda ng ini;  (5) ""pegawai pengawas"" ialah pegawai teknis berkeahlian khusus dari Departemen Tenaga Kerja; (6) ""ahli keselamatan kerja"" ialah tenaga teknis berkeahlian khusus dari luar Departemen Tenaga Kerja yang ditunjuk oleh Menteri Tenaga Kerja untuk mengawasi ditaatinya Undang undang ini. BAB II. RUANG LINGKUP"
UU No 1 Tahun 1970,1000170,PASAL 2,100017000002,"(1) Yang diatur oleh Undang undang ini ialah keselamatan kerja dalam segala tempat kerja, baik di darat, di dalam tanah, di permukaan air, di dalam air maupun di udara, yan g berada di dalam wilayah kekuasaan hukum Republik Indonesia. (2) Ketentuan ketentuan dalam ayat (1) tersebut berlaku dalam tempat kerja di mana : a.dibuat, dicoba, dipakai atau dipergunakan mesin, pesawat, alat, perkakas, peralatan atau instalasi yang be rbahaya atau dapat menimbulkan kecelakaan, kebakaran atau peledakan; b.dibuat, diolah, dipakai, dipergunakan, diperdagangkan, diangkut atau disimpan bahan atau barang yang : dapat meledak, mudah terbakar, menggigit, beracun, menimbulkan infeksi, bersuhu tinggi; c.dikerjakan pembangunan, perbaikan, perawatan, pembersihan atau pembongkaran rumah, gedung atau bangunan lainnya, termasuk bangunan pengairan, saluran atau terowongan di bawah tanah dan sebagainya atau dimana dilakukan pekerjaan persiapan; d.dilakukan usaha : pertanian, perkebunan, pembukaan hutan, pengerjaan hutan, pengolahan kayu atau hasil hutan lainnya, peternakan, perikanan dan lapangan kesehatan;  e.dilakukan usaha pertambangan dan pengolahan : emas, perak, logam atau bijih logam lainnya, batu batuan, gas, minyak atau mineral lainnya, baik di permukaan atau di dalam bumi, maupun di dasar perairan; dilakukan pengangkutan barang, binatang atau manusia, baik di daratan, melalui terowongan, di permukaan air, dalam air maupun di udara; g.dikerjakan bongkar muat barang muatan di kapal, perahu, dermaga, dok, stasiun atau gudang; h.dilakukan penyelaman, pengambilan benda dan pekerjaan lain di dalam air; i.dilakukan pekerjaan dalam ketinggian di atas permukaan tanah atau perairan; j.dilakukan pekerjaan di bawah tekanan udara atau suhu yang tinggi atau rendah; k.dilakukan pekerjaan yang mengandung bahaya tertimbun tanah, kejatuhan, terkena pelantingan benda, terjatuh atau terperosok, hanyut atau terpelanting; l.dilakukan pekerjaan dalam tangki, sumur atau lobang; m.terdapat atau menyebar suhu, kelembaban, debu, kotoran, api, asap, uap, gas, hembusan angin, cuaca, sinar atau radiasi, suara atau getaran; n.dilakukan pembuangan atau pemusnahan sampah atau limbah; o.dilakukan pemancaran, penyiaran atau penerimaan radio, radar, televisi atau telepon; p.dilakukan pendidikan, pembinaan, percobaan, penyelidikan atau riset (penelitian) yang menggunakan alat teknis ; q.dibangkitkan, dirubah, dikumpulkan, disimpan, dibagi bagikan atau disalurkan listrik, gas, minyak atau air; r.diputar film, dipertunjukkan sandiwara atau diselenggarakan rekreasi lainnya yang memakai peralatan, instalasi listrik atau mekanik.  (3) Dengan peraturan perundangan dapat ditunjuk sebagai tempat kerja, ruangan ruangan atau lapangan lapangan lainnya yang dapat membahayakan keselamatan atau kesehatan yang bekerja dan atau yang berada di ruangan atau lapangan itu dan dapat diruba h perincian tersebut dalam ayat (2). BAB III. SYARAT SYARAT KESELAMATAN KERJA."
UU No 1 Tahun 1970,1000170,PASAL 3,100017000003,"(1) Dengan peraturan perundangan ditetapkan syarat syarat keselamatan kerja untuk : a.mencegah dan mengurangi kecelakaan; b.mencegah, mengurangi dan memadamkan kebakaran; c.mencegah dan mengurangi bahaya peledakan; d.memberi kesempatan atau jalan menyelamatkan diri pada waktu kebakaran atau kejadian kejadian lain yang berbahaya; e.memberi pertolongan pada kecelakaan; f.memb eri alat alat perlindungan diri pada para pekerja; g.mencegah dan mengendalikan timbul atau menyebarluasnya suhu, kelembaban, debu, kotoran, asap, uap, gas, hembusan angin, cuaca, sinar atau radiasi, suara dan getaran; h.mencegah dan mengendalikan timbul nya penyakit akibat kerja baik physik maupun psychis, peracunan, infeksi dan penularan; i.memperoleh penerangan yang cukup dan sesuai; j.menyelenggarakan suhu dan lembab udara yang baik; k.menyelenggarakan penyegaran udara yang cukup; l.memelihara ke bersihan, kesehatan dan ketertiban; m.memperoleh keserasian antara tenaga kerja, alat kerja, lingkungan, cara dan proses kerjanya; n.mengamankan dan memperlancar pengangkutan orang, binatang, tanaman atau barang;  o.mengamankan dan mem elihara segala jenis bangunan; p.mengamankan dan memperlancar pekerjaan bongkar muat, perlakuan dan penyimpanan barang; q.mencegah terkena aliran listrik yang berbahaya; r.menyesuaikan dan menyempurnakan pengamanan pada pekerjaan yang bahaya kecelakaannya menjadi bertambah tinggi. (2) Dengan peraturan perundangan dapat dirubah perincian seperti tersebut dalam ayat (1) sesuai dengan perkembangan ilmu pengetahuan, teknik dan t eknologi serta pendapatan pendapatan baru di kemudian hari."
UU No 1 Tahun 1970,1000170,PASAL 4,100017000004,"(1) Dengan peraturan perundangan ditetapkan syarat syarat keselamatan kerja dalam perencanaan, pembuatan, pengangkutan, peredaran, perdagangan, pemasangan, pemakaian, penggunaan, pemelih araan dan penyimpanan bahan, barang, produk teknik dan aparat produksi yang mengandung dan dapat menimbulkan bahaya kecelakaan. (2) Syarat syarat tersebut memuat prinsip prinsip teknik ilmiah menjadi suatu kumpulan ketentuan yang disusun secara teratur,jel as dan praktis yang mencakup bidang konstruksi, bahan, pengolahan dan pembuatan, perlengkapan alat alat perlindungan, pengujian dan pengesyahan, pengepakan atau pembungkusan, pemberian tanda  tanda pengenal atas bahan, barang, produk teknis dan aparat produ ksi guna menjamin keselamatan barang barang itu sendiri, keselamatan tenaga kerja yang melakukannya dan keselamatan umum. (3) Dengan peraturan perundangan dapat dirubah perincian seperti tersebut dalam ayat (1) dan (2) : dengan peraturan perundangan diteta pkan siapa yang berkewajiban memenuhi dan mentaati syarat  syarat keselamatan tersebut.  BAB IV. PENGAWASAN"
UU No 1 Tahun 1970,1000170,PASAL 5,100017000005,"(1) Direktur melakukan pelaksanaan umum terhadap Undang undang ini, sedangkan para pegawai pengawas dan ahli keselamatan kerja ditugaskan menjalankan pengawasan langsung terhadap ditaatinya Undang undang ini dan membantu pelaksanaannya. (2) Wewenang dan kewajiban direktur, pegawai pengawas dan ahli keselamatan kerja dalam melaksanakan Undang undang ini diatur dengan peraturan perundangan."
UU No 1 Tahun 1970,1000170,PASAL 6,100017000006,"(1) Barangsiapa tidak dapat menerima keputusan direktur dapat mengajukan permohonan banding kep ada Panitia Banding. (2) Tatacara permohonan banding, susunan Panitia Banding, tugas Panitia Banding dan lain lainnya ditetapkan oleh Menteri Tenaga Kerja. (3) Keputusan Panitia Banding tidak dapat dibanding lagi."
UU No 1 Tahun 1970,1000170,PASAL 7,100017000007,Untuk pengawasan berdasarkan Un dang undang ini pengusaha harus membayar retribusi menurut ketentuan ketentuan yang akan diatur dengan peraturan perundangan.
UU No 1 Tahun 1970,1000170,PASAL 8,100017000008,"(1) Pengurus diwajibkan memeriksakan kesehatan badan, kondisi mental dan kemampuan fisik dari tenaga kerja yang akan diterimanya maupun akan dipindahkan sesuai dengan sifat sifat pekerjaan yang diberikan padanya. (2) Pengurus diwajibkan memeriksakan semua tenaga kerja yang berada di bawah pimpinannya, secara berkala pada dokter yang ditunjuk oleh pengusaha dan dibenarkan ole h direktur.  (3) Norma norma mengenai pengujian keselamatan ditetapkan dengan peraturan perundangan. BAB V. PEMBINAAN."
UU No 1 Tahun 1970,1000170,PASAL 9,100017000009,"(1) Pengurus diwajibkan menunjukkan dan menjelaskan pada tiap tenaga kerja baru tentang : a.Kondisi kondisi dan bahaya bahaya serta yang dapat timbul dalam tempat kerjanya; b.Semua pengamanan dan alat alat perlindungan yang diharuskan dalam tempat kerjanya; c.Alatalat perlindungan diri bagi tenaga kerja yang bersangkutan; d.Cara cara dan sika p yang aman dalam melaksanakan pekerjaannya. (2) Pengurus hanya dapat mempekerjakan tenaga kerja yang bersangkutan setelah ia yakin bahwa tenaga kerja tersebut telah memahami syarat syarat tersebut di atas. (3) Pengurus diwajibkan menyelenggarakan pembinaa n bagi semua tenaga kerja yang berada di bawah pimpinannya, dalam pencegahan kecelakaan dan pemberantasan kebakaran serta peningkatan keselamatan dan kesehatan kerja, pula dalam pemberian pertolongan pertama pada kecelakaan. (4) Pengurus diwajibkan memenuh i dan mentaati semua syarat syarat dan ketentuan ketentuan yang berlaku bagi usaha dan tempat kerja yang dijalankannya.  BAB VI. PANITIA PEMBINA KESELAMATAN DAN KESEHATAN KERJA"
UU No 1 Tahun 1970,1000170,PASAL 10,100017000010,"(1) Menteri Tenaga Kerja berwenang membentuk Panitia Pembina Keselamatan dan Kesehatan Kerja guna memperkembangkan kerja  sama, saling pengertian dan partisipasi efektif dari pengusaha atau pengurus dan tenaga kerja dalam tempat tempat kerja untuk melaksanakan tugas dan kewajiban bersama di bidang keselamatan dan kesehatan kerja, dalam rangka melancarkan usaha berproduksi. (2) Susunan Panitia Pembina Keselamatan dan Kesehatan Kerja, tugas dan lain lainnya ditetapkan oleh Menteri Tenaga Kerja. BAB VII. KECELAKAA N."
UU No 1 Tahun 1970,1000170,PASAL 11,100017000011,"(1) Pengurus diwajibkan melaporkan tiap kecelakaan yang terjadi dalam tempat kerja yang dipimpinnya, pada pejabat yang ditunjuk oleh Menteri Tenaga Kerja. (2) Tatacara pelaporan dan pemeriksaan kecelakaan oleh pegawai termaksud dalam ayat (1 ) diatur dengan peraturan perundangan. BAB VIII. KEWAJIBAN DAN HAK TENAGA KERJA."
UU No 1 Tahun 1970,1000170,PASAL 12,100017000012,Dengan peraturan perundangan diatur kewajiban dan atau hak tenaga kerja untuk : a. Memberikan keterangan yang benar bila diminta oleh pegawai pengawas dan atau ahl i keselamatan kerja;  b. Memakai alat alat perlindungan diri yang diwajibkan; c. Memenuhi dan mentaati semua syarat syarat keselamatan dan kesehatan kerja yang diwajibkan; d. Meminta pada pengurus agar dilaksanakan semua syarat keselamatan dan kesehatan kerja yang diwajibkan; e. Menyatakan keberatan kerja pada pekerjaan di mana syarat keselamatan dan kesehatan kerja serta alat alat perlindungan diri yang diwajibkan diragukan ol ehnya kecuali dalam hal hal khusus ditentukan lain oleh pegawai pengawas dalam batas batas yang masih dapat dipertanggung jawabkan. BAB IX. KEWAJIBAN BILA MEMASUKI TEMPAT KERJA.
UU No 1 Tahun 1970,1000170,PASAL 13,100017000013,"Barangsiapa akan memasuki sesuatu tempat kerja, diwajibkan mentaat i semua petunjuk keselamatan kerja dan memakai alat alat perlindungan diri yang diwajibkan. BAB X. KEWAJIBAN PENGURUS."
UU No 1 Tahun 1970,1000170,PASAL 14,100017000014,"Pengurus diwajibkan : a. Secara tertulis menempatkan d alam tempat kerja yang dipimpinnya, semua syarat keselamatan kerja yang diwajibkan, sehelai Undang  undang ini dan semua peraturan pelaksanaannya yang berlaku bagi tempat kerja yang bersangkutan, pada tempat tempat yang mudah dilihat dan terbaca dan menurut petunjuk pegawai pengawas atau ahli keselamatan kerja;  b. Memasang dalam tempat kerja yang dipimpinnya, semua gambar keselamatan kerja yang diwajibkan dan semua bahan pembinaan lainnya, pada tempat tempat yang mudah dilihat dan terbaca menurut petunjuk pegawai pengawas atau ahli Keselamatan Kerja; c. Menyediakan secara cuma cuma, semua alat perlindungan diri yang diwajibkan pada tenaga kerja yang berada di bawah pimpinannya dan menyediakan bagi setiap orang lain yang memasuki tempat kerja tersebut, disertai dengan petunjuk petunjuk yang diperlukan menurut petunjuk pegawai pengawas atau ahli keselamatan kerja. BAB XI. KETENTUAN KETENTUAN PENUTUP."
UU No 1 Tahun 1970,1000170,PASAL 15,100017000015,"(1) Pelaksanaan k etentuan tersebut pada pasal pasal di atas diatur lebih lanjut dengan peraturan perundangan. (2) Peraturan perundangan tersebut pada ayat (1) dapat memberikan ancaman pidana atas pelanggaran peraturannya dengan hukuman kurungan selama lamanya 3 (tiga) bula n atau denda setinggi  tingginya Rp. 100.000, (seratus ribu rupiah). (3) Tindak pidana tersebut adalah pelanggaran."
UU No 1 Tahun 1970,1000170,PASAL 16,100017000016,"Pengusaha yang mempergunakan tempat tempat kerja yang sudah ada pada waktu Undang undang ini mulai berlaku wajib mengusahakan di didalam satu tahun sesudah Undang undang ini mulai berlaku, untuk memenuhi ketentuan ketentuan menurut atau berdasarkan Undang  undang ini."
UU No 1 Tahun 1970,1000170,PASAL 17,100017000017,"Selama peraturan perundangan untuk melaksanakan ketentuan dalam Undang undang ini belum di keluarkan, maka peraturan dalam bidang keselamatan kerja yang ada pada waktu Undang undang ini mulai berlaku, tetapi berlaku sepanjang tidak bertentangan dengan Undang  undang ini."
UU No 1 Tahun 1970,1000170,PASAL 18,100017000018,"Undang undang ini disebut ""UNDANG UNDANG KESELAMATAN KERJA"" dan mulai berlaku pada hari diundangkan. Agar supaya setiap orang dapat mengetahuinya, memerintahkan pengundangan Undang undang ini dengan penempatan dalam Lembaran Negara Republik Indonesia."
UU No 40 Tahun 2007,1004007,PASAL 35,100400700035,"(1) Pemegang saham dan kreditor lainnya yang m empunyai   tagihan terhadap Perseroan tidak dapat menggunakan hak  tagihnya sebagai kompensasi  kewajiban penyetoran atas   harga saham yang t elah diambilnya, kecuali disetujui oleh  RUPS.  (2) Hak tagih terhadap Perseroan sebagaimana dimaksud  pada ayat (1) yang dapat dikompensasi dengan setoran   saham adalah hak tagih atas tagihan t erhadap Perseroan  yang timbul karena:  a. Perseroan telah menerima uang atau penyerahan  benda berwujud atau benda tidak berwujud yang   dapat dinilai dengan uang;  b. pihak yang menjadi penanggung atau penjamin utang   Perseroan telah membayar lunas utang Perseroan   sebesar yang ditanggung atau dijamin; atau  c. Perseroan menjadi penanggung atau penjamin utang  dari pihak ketiga dan Pe rseroan telah menerima  manfaat berupa uang atau barang yang dapat dinilai  dengan uang yang langsung atau tidak langsung  secara nyata telah diterima Perseroan.  (3) Keputusan . . .    20    (3) Keputusan RUPS sebagaimana dimaksud pada ayat (1)  sah apabila dilakukan sesuai dengan ketentuan mengenai  panggilan rapat, kuorum, dan jumlah suara untuk perubahan anggaran dasar sebagaimana diatur dalam  UndangUndang ini dan/atau anggaran dasar."
UU No 40 Tahun 2007,1004007,PASAL 36,100400700036,"(1) Perseroan dilarang mengeluarkan saham baik untuk  dimiliki sendiri maupun dimiliki oleh Perseroan lain, yang  sahamnya secara langsung atau tidak langsung telah  dimiliki oleh Perseroan.  (2) Ketentuan larangan kepemilikan saham sebagaimana  dimaksud pada ayat (1) tidak berlaku terhadap  kepemilikan saham yang diperoleh berdasarkan peralihan  karena hukum, hibah, atau hibah wasiat .  (3) Saham yang diperoleh berdasarkan ketentuan  sebagaimana dimaksud pada ayat (2), dalam jangka waktu  1 (satu) tahun setelah tanggal perolehan harus dialihkan  kepada pihak lain yang tidak dilarang memiliki saham  dalam Perseroan.   (4) Dalam hal Perseroan lain sebagaimana dimaksud pada  ayat (1) merupakan  perusahaan efek, berlaku ketentuan  peraturan perundangundangan di bidang pasar modal.        Bagian Kedua  Perlindungan Modal dan Kekayaan   Perseroan"
UU No 40 Tahun 2007,1004007,PASAL 37,100400700037,"(1)  Perseroan dapat membeli kembali saham yang telah  dikeluarkan dengan ketentuan:  a. pembelian kembali saham tersebut tidak  menyebabkan kekayaan bersih Perseroan menjadi  lebih kecil dari jumlah modal yang ditempatkan  ditambah cadangan wajib yang telah disisihkan; dan      b. jumlah . . .    21    b. jumlah nilai nominal seluruh saham yang  dibeli  kembali oleh Perseroan dan gadai saham atau jaminan  fidusia atas saham yang dipegang oleh Perseroan sendiri dan/atau Perseroan lain yang sahamnya  secara langsung atau tidak langsung dimiliki oleh  Perseroan, tidak melebihi 10% (sepuluh persen) dari  jumlah modal yang ditempatkan dalam Perseroan, kecuali diatur lain dalam peraturan perundang undangan di bidang pasar modal.    (2) Pembelian kembali  saham, baik secara langsung maupun  tidak langsung, yang bertentangan dengan ayat (1) batal karena  hukum.   (3) Direksi secara tanggung renteng bertanggung jawab atas  kerugian yang diderita pemegang saham yang beritikad  baik, yang timbul akibat pembelian kembali yang batal  karena hukum sebagaimana dimaksud pada ayat (2).   (4) Saham yang dibeli kembali Perseroan sebagaimana  dimaksud pada ayat (1) hanya boleh dikuasai Perseroan  paling lama 3 (tiga) tahun."
UU No 40 Tahun 2007,1004007,PASAL 38,100400700038,"(1) Pembelian kembali saham sebagaimana dimaksud dalam  Pasal 37 ayat (1)  atau pengalihannya lebih lanjut hanya  boleh dilakukan berdasarkan persetujuan RUPS, kecuali ditentukan lain dalam peraturan perundangundangan di  bidang pasar modal.  (2) Keputusan RUPS yang memuat persetujuan sebagaimana  dimaksud pada ayat (1) sah apabila dilakukan sesuai dengan ketentuan mengenai panggilan rapat, kuorum, dan  persetujuan jumlah suara untuk perubahan anggaran  dasar sebagaimana diatur dalam UndangUndang ini  dan/atau anggaran dasar."
UU No 40 Tahun 2007,1004007,PASAL 39,100400700039,(1) RUPS dapat menyerahkan kewenangan kepada Dewan Komisaris guna menyetujui pelaksanaan keputusan RUPS  sebagaimana dimaksud dalam Pasal 38 untuk jangka  waktu paling lama 1 (satu) tahun.  (2) Penyerahan kewenangan sebagaimana dimaksud pada  ayat (1) setiap kali dapat diperpanjang untuk jangka  waktu yang sama.  (3) Penyerahan . . .    22    (3) Penyerahan kewenangan sebagaimana dimaksud pada  ayat (1) sewaktuwaktu dapat ditarik kembali oleh RUPS.
UU No 40 Tahun 2007,1004007,PASAL 40,100400700040,"(1) Saham yang dikuasai Perseroan karena pembelian  kembali, peralihan karena hukum, hibah atau hibah  wasiat, tidak dapat digunakan untuk mengeluarkan suara  dalam RUPS dan tidak  diperhitungkan dalam  menentukan jumlah kuorum yang harus dicapai sesuai  dengan ketentuan UndangUndang ini dan/atau anggaran  dasar.   (2) Saham sebagaimana dimaksud pada ayat (1) tidak berhak  mendapat pembagian dividen.       Bagian Ketiga  Penambahan Modal"
UU No 40 Tahun 2007,1004007,PASAL 41,100400700041,(1) Penambahan modal Perseroan dilakukan berdasarkan  persetujuan RUPS.  (2) RUPS dapat menyerahkan kewenangan kepada Dewan  Komisaris guna menyetujui pelaksanaan keputusan RUPS   sebagaimana dimaksud pada ayat (1) untuk jangka waktu  paling lama 1 (satu) tahun.  (3) Penyerahan kewenangan sebagaimana dimaksud pada  ayat (2) sewaktuwaktu dapat ditarik kembali oleh RUPS.
UU No 40 Tahun 2007,1004007,PASAL 42,100400700042,"(1) Keputusan RUPS untuk penambahan modal dasar adalah   sah apabila dilakukan dengan memperhatikan  persyaratan kuorum dan jumlah suara setuju untuk  perubahan anggaran dasar sesuai dengan ketentuan  dalam UndangUndang ini dan/atau anggaran dasar.  (2) Keputusan RUPS untuk penambahan modal ditempatkan  dan disetor dalam batas modal dasar adalah sah apabila  dilakukan dengan kuorum kehadiran lebih dari 1/2 (satu  perdua) bagian dari seluruh jumlah saham dengan hak   suara dan disetujui oleh lebih dari 1/2 (satu perdua)  bagian dari jumlah seluruh suara yang dikeluarkan,   kecuali ditentukan lebih besar dalam anggaran dasar .  (3) Penambahan . . .    23    (3) Penambahan modal sebagaimana dimaksud pada ayat (2)  wajib diberitahukan kepada Menteri untuk dicatat dalam  daftar Perseroan."
UU No 40 Tahun 2007,1004007,PASAL 43,100400700043,"(1) Seluruh saham yang dikeluarkan untuk penambahan  modal harus terlebih dahulu ditawarkan kepada setiap  pemegang saham seimbang dengan pemilikan saham  untuk klasifikasi saham yang sama.  (2) Dalam hal saham yang akan dikeluarkan untuk  penambahan modal merupakan saham yang klasifikasinya  belum pernah dikeluarkan, yang berhak membeli terlebih  dahulu adalah seluruh pemegang saham sesuai dengan  perimbangan jumlah saham yang dimilikinya.  (3) Penawaran sebagaimana dimaksud pada ayat (1) tidak  berlaku  dalam hal pengeluaran saham:  a. ditujukan kepada karyawan Perseroan;  b. ditujukan kepada pemegang obligasi atau efek lain  yang dapat dikonversikan menjadi saham, yang telah  dikeluarkan dengan persetujuan RUPS; atau    c. dilakukan dalam rangka reorganisasi dan/atau  restrukturisasi yang telah disetujui oleh RUPS.  (4) Dalam hal pemegang saham sebagaimana dimaksud pada  ayat (1) tidak menggunakan hak untuk membeli dan membayar lunas saham yang dibeli dalam jangka waktu  14 (empat belas) hari terhitung sejak tanggal penawaran,  Perseroan dapat menawarkan sisa saham yang tidak  diambil bagian tersebut kepada pihak ketiga.      Bagian Keempat  Pengurangan Modal"
UU No 40 Tahun 2007,1004007,PASAL 44,100400700044,(1) Keputusan RUPS untuk pengurangan modal Perseroan  adalah sah apabila dilakukan dengan memperhatikan  persyaratan ketentuan kuorum dan jumlah suara setuju  untuk perubahan anggaran dasar sesuai ketentuan dalam  UndangUndang ini dan/atau anggaran dasar.      (2) Direksi . . .    24    (2) Direksi wajib memberitahukan keputusan sebagaimana  dimaksud pada ay at (1) kepada semua kreditor dengan  mengumumkan dalam 1 (satu) atau lebih Surat  Kabar   dalam jangka waktu paling lambat 7 (tujuh) hari terhitung  sejak tanggal keputusan RUPS.
UU No 40 Tahun 2007,1004007,PASAL 45,100400700045,"(1) Dalam jangka waktu  60 (enam puluh) hari terhitung sejak  tanggal pengumuman sebagaimana dimaksud dalam Pasal  44 ayat (2), kreditor dapat mengajukan keberatan secara  tertulis disertai alasannya kepada Perseroan atas   keputusan pengurangan modal dengan tembusan kepada  Menteri.  (2) Dalam jangka waktu 30 (tiga puluh) hari terhitung sejak  keberatan sebagaimana dimaksud pada ayat (1) diterima,   Perseroan wajib memberikan jawaban secara tertulis atas   keberatan yang diajukan.  (3) Dalam hal Perseroan:   a. menolak keberatan atau tidak memberikan    penyelesaian yang disepakati kreditor dalam jangka  waktu 30 (tiga pul uh) hari terhitung sejak tanggal  jawaban Perseroan diterima; atau   b. tidak memberikan tanggapan dalam j angka waktu 60  (enam puluh) hari terhitung sejak tanggal keberatan  diajukan kepada Perseroan,  kreditor d apat mengajukan g ugatan ke  pengadilan negeri  yang daerah hukumnya meliputi tempat kedudukan  Perseroan."
UU No 40 Tahun 2007,1004007,PASAL 46,100400700046,(1) Pengurangan modal Perseroan merupakan perubahan  anggaran dasar yang harus mendapat persetujuan   Menteri.  (2) Persetujuan Menteri sebagaimana dimaksud pada ayat (1)  diberikan apabila:   a.  tidak terdapat keberatan  tertulis dari kreditor dalam  jangka  w aktu sebagaimana dimaksud dalam Pasal 45  ayat (1);  b. telah dicapai penyelesaian atas keberatan  yang  diajukan kreditor; atau   c. gugatan kreditor ditolak oleh pengadilan berdasarkan  putusan yang telah memperoleh kekuatan hukum  tetap.  Pasal 47 . . .    25  
UU No 40 Tahun 2007,1004007,PASAL 47,100400700047,"(1) Keputusan RUPS tentang pengurangan modal  ditempatkan dan disetor dilakukan dengan cara penarikan  kembali saham atau penurunan nilai nominal saham.  (2) Penarikan kembali saham sebagaimana dimaksud pada  ayat (1) dilakukan terhadap saham yang telah dibeli kembali oleh Perseroan atau terhadap saham dengan  klasifikasi yang dapat ditarik kembali.  (3) Penurunan nilai nominal saham tanpa pembayaran  kembali harus dilakukan secara seimbang terhadap seluruh saham dari setiap klasifikasi saham.  (4) Keseimbangan sebagaimana dimaksud pada ayat (3) dapat  dikecualikan dengan persetujuan semua pemegang saham  yang nilai nominal sahamnya dikurangi.  (5) Dalam hal terdapat lebih dari 1 (satu) klasifikasi saham,  keputusan RUPS tentang pengurangan modal hanya boleh  diambil setelah mendapat persetujuan terlebih dahulu dari  semua pemegang saham dari setiap klasifikasi saham  yang haknya dirugikan oleh keputusan RUPS tentang  pengurangan modal tersebut.      Bagian Kelima  Saham"
UU No 40 Tahun 2007,1004007,PASAL 48,100400700048,"(1)  Saham Perseroan dikeluarkan atas nama pemiliknya.  (2) Persyaratan kepemilikan saham dapat ditetapkan dalam  anggaran dasar dengan memperhatikan persyaratan yang  ditetapkan oleh instansi yang berwenang sesuai dengan  ketentuan peraturan perundangundangan.  (3)  Dalam hal persyaratan kepemilikan saham sebagaimana  dimaksud pada ayat (2) telah ditetapkan dan tidak  dipenuhi, pihak yang memperoleh kepemilikan saham  tersebut tidak dapat menjalankan hak selaku pemegang  saham dan saham tersebut tidak diperhitungkan dalam  kuorum yang harus dicapai sesuai dengan ketentuan UndangUndang ini dan/atau anggaran dasar.         Pasal 49 . . .    26  "
UU No 40 Tahun 2007,1004007,PASAL 49,100400700049,(1) Nilai saham harus dicantumkan dalam mata uang rupiah.  (2) Saham tanpa nilai nominal tidak dapat dikeluarkan.  (3) Ketentuan sebagaimana dimaksud pada ayat (2) tidak  menutup kemungkinan diaturnya pengeluaran saham   tanpa nilai nominal dalam peraturan perundang undangan di bidang pasar modal.
UU No 40 Tahun 2007,1004007,PASAL 50,100400700050,"(1) Direksi Perseroan wajib mengadakan dan menyimpan  daftar pemegang saham, yang memuat sekurang kurangnya:  a. nama dan alamat pemegang saham;  b. jumlah, nomor, tanggal perolehan saham yang dimiliki  pemegang  saham, dan klasifikasinya dalam hal  dikeluarkan lebih dari satu klasifikasi saham;   c. jumlah yang disetor atas setiap saham;  d. nama dan alamat dari orang perseorangan atau badan  hukum yang mempunyai hak gadai atas saham atau  sebagai penerima jaminan fidusia saham dan t anggal   perolehan hak gadai atau tanggal pendaftaran jaminan  fidusia tersebut;  e. keterangan penyetoran saham dalam bentuk lain   sebagaimana dimaksud dalam Pasal 34 ayat (2).  (2) Selain daftar pemegang saham sebagaimana dimaksud  pada ayat (1), Direksi Perseroan wajib mengadakan dan   menyimpan daftar khusus yang memuat keterangan   mengenai saham a nggota Direksi dan Dewan Komisaris  beserta keluarganya dalam Perseroan dan/atau pada  Perseroan lain serta tanggal saham itu diperoleh.  (3) Dalam daftar pemegang saham dan daftar khusus  sebagaimana dimaksud pada ayat (1) dan ayat (2) dicatat  juga setiap perubahan kepemilikan saham.  (4) Daftar pemegang saham dan daftar khusus sebagaimana  dimaksud pada ayat (1) dan ayat (2) di sediakan di tempat  kedudukan Perser oan agar  dapat dilihat oleh para  pemegang saham.  (5) Dalam hal peraturan perundangundangan di bidang   pasar modal tidak mengatur lain, ketentuan sebagaimana  dimaksud pada ayat (1), ayat (3), dan ayat (4) berlaku juga   bagi Perseroan Terbuka.  Pasal 51 . . .    27  "
UU No 40 Tahun 2007,1004007,PASAL 51,100400700051,Pemegang saham diberi bukti pemilikan saham untuk saham   yang dimilikinya.
UU No 40 Tahun 2007,1004007,PASAL 52,100400700052,"(1) Saham memberikan hak kepada pemiliknya untuk:  a. menghadiri dan mengeluarkan suara dalam RUPS;  b. menerima pembayaran dividen dan  sisa kekayaan  hasil likuidasi;  c. menjalankan hak lainnya berdasarkan Undang Undang ini.  (2) Ketentuan sebagaimana dimaksud pada ayat (1) berlaku   setelah saham dicatat dalam daftar pemegang saham atas   nama pemiliknya.  (3) Ketentuan sebagaimana dimaksud pada ayat (1) huruf a  dan huruf c tidak berlaku bagi klasifikasi saham tertentu  sebagaimana ditetapkan dalam UndangUndang ini.  (4) Setiap saham memberikan kepada pemiliknya hak yang  tidak dapat dibagi.  (5) Dalam hal 1 (satu) saham dimiliki ole h lebih da ri 1 (satu)   orang, hak yang timbul dari saham tersebut digunakan   dengan cara menunjuk 1 (satu) orang sebagai wakil  bersama."
UU No 40 Tahun 2007,1004007,PASAL 53,100400700053,"(1)  Anggaran dasar menetapkan 1 (satu ) klasifika si saham  atau lebih.  (2) Setiap saham dalam klasifikasi yang sama memberikan  kepada pemegangnya hak yang sama.  (3) Dalam hal terdapat lebih dari 1 (satu) klasifikasi saham,   anggaran dasar menetapkan salah satu di antaranya  sebagai saham biasa.  (4) Klasifikasi saham sebagaimana dimaksud pada ayat (3),  antara lain:  a. saham dengan hak suara atau tanpa hak suara;  b. saham dengan hak khusus untuk mencalonkan  anggota Direksi dan/atau anggota Dewan Komisaris;  c. saham yang setelah jangka waktu tertentu ditarik  kembali atau ditukar dengan klasifikasi saham lain;  d. saham . . .    28    d. saham yang memberikan hak kepada pemegangnya  untuk menerima dividen lebih dahulu dari pem egang   saham klasifikasi lain atas pembagian dividen secara   kumulatif atau nonkumulatif;             e. saham yang memberikan hak kepada pemegangnya  untuk menerima lebih dahulu dari pemegang saham  klasifikasi lain atas pembagian sisa kekayaan  Perseroan dalam likuidasi."
UU No 40 Tahun 2007,1004007,PASAL 54,100400700054,"(1) Anggaran dasar dapat menentukan pecahan nilai nominal  saham.  (2) Pemegang pecahan nilai nominal saham tidak diberikan  hak suara perseorangan, kecuali pemegang pecahan nilai  nominal saham, baik sendiri atau bersama pemegang  pecahan nilai nominal saham lainnya yang klasifikasi  sahamnya sama memiliki nilai nominal sebesar 1 (satu)  nominal saham dari klasifikasi tersebut.  (3) Ketentuan sebagaimana dimaksud dalam Pasal 52 ayat (4)  dan ayat (5) mutatis mutandis berlaku bagi pemegang  pecahan nilai nominal saham."
UU No 40 Tahun 2007,1004007,PASAL 55,100400700055,Dalam anggaran dasar Perseroan ditentukan cara pemindahan   hak atas saham sesuai dengan ketentuan peraturan  perundangundangan.
UU No 40 Tahun 2007,1004007,PASAL 56,100400700056,"(1) Pemindahan hak atas saham dilakukan de ngan akt a  pemindahan hak.  (2) Akta pemindahan hak sebagaimana dimaksud pada ayat  (1) atau salinannya disampaikan secara tertulis kepada   Perseroan.  (3) Direksi wajib mencatat pemindahan hak atas saham,  tanggal, dan hari pemindahan hak tersebut dalam daftar  pemegang saham atau daftar khusus sebagaimana  dimaksud dalam Pasal 50 ayat (1) dan ayat (2) dan  memberitahukan perubahan susunan pemegang saham   kepada Menteri untuk dicatat dalam daftar Perseroan  paling lambat 30 (tiga puluh) hari terhitung sejak tanggal  pencatatan pemindahan hak.  (4) Dalam . . .    29    (4) Dalam hal pemberitahuan sebagaimana dimaksud pada  ayat (3) belum dilakukan, Menteri menolak permohonan  persetujuan atau pemberitahuan yang dilaksanakan berdasarkan susunan dan nama pemegang saham yang  belum diberitahukan tersebut.   (5) Ketentuan mengenai tata cara pemindahan hak atas  saham yang diperdagangkan di pasar modal diatur dalam peraturan perundangundangan di bidang pasar modal."
UU No 40 Tahun 2007,1004007,PASAL 57,100400700057,"(1) Dalam anggaran dasar dapat diatur persyaratan mengenai  pemindahan hak atas saham, yaitu:  a. keharusan menawarkan terlebih dahulu kepada  pemegang saham dengan klasifikasi tertentu atau  pemegang saham lainnya;   b. keharusan mendapatkan persetujuan terlebih dahulu  dari Organ Perseroan; dan/atau  c. keharusan mendapatkan persetujuan terlebih dahulu  dari instansi yang berwenang sesuai dengan ketentuan  peraturan perundangundangan.  (2) Persyaratan sebagaimana dimaksud pada ayat (1) tidak  berlaku dalam hal pemindahan hak atas saham  disebabkan peralihan hak karena hukum, kecuali  keharusan sebagaimana dimaksud pada ayat (1) huruf c  berkenaan dengan kewarisan."
UU No 40 Tahun 2007,1004007,PASAL 58,100400700058,"(1) Dalam hal anggaran dasar mengharuskan pemegang  saham penjual menawarkan terlebih dahulu sahamnya  kepada pemegang saham klasifikasi tertentu atau  pemegang saham lain, dan dalam jangka waktu 30 (tiga  puluh) hari terhitung sejak tanggal penawaran dilakukan  ternyata pemegang saham tersebut tidak membeli,  pemegang saham penjual dapat menawarkan dan menjual  sahamnya kepada pihak ketiga.  (2) Setiap pemegang saham penjual yang diharuskan  menawarkan sahamnya sebagaimana dimaksud pada ayat  (1) berhak menarik kembali penawaran tersebut, setelah  lewatnya jangka waktu 30 (tiga puluh) hari sebagaimana  dimaksud pada ayat (1).    (3) Kewajiban . . .    30    (3) Kewajiban menawarkan kepada pemegang saham  klasifikasi tertentu atau pemegang saham lain  sebagaimana dimaksud pada ayat (1) hanya berlaku 1 (satu) kali."
UU No 40 Tahun 2007,1004007,PASAL 59,100400700059,"(1) Pemberian persetujuan pemindahan hak atas saham yang  memerlukan persetujuan Organ Perseroan atau  penolakannya harus diberikan secara tertulis dalam  jangka waktu paling lama 90 (sembilan puluh) hari  terhitung sejak tanggal Organ Perseroan menerima  permintaan persetujuan pemindahan hak tersebut.  (2) Dalam hal jangka waktu sebagaimana dimaksud pada  ayat (1) telah lewat dan Organ Perseroan tidak memberikan pernyataan tertulis, Organ Perseroan dianggap menyetujui pemindahan hak atas saham  tersebut.  (3) Dalam hal pemindahan hak atas saham disetujui oleh  Organ Perseroan, pemindahan hak harus dilakukan sesuai dengan ketentuan sebagaimana dimaksud dalam  Pasal 56 dan dilakukan dalam jangka waktu paling lama 90 (sembilan puluh) hari terhitung sejak tanggal  persetujuan diberikan."
UU No 40 Tahun 2007,1004007,PASAL 60,100400700060,(1) Saham merupakan benda bergerak dan memberikan hak  sebagaimana dimaksud dalam Pasal 52 kepada  pemiliknya.  (2) Saham dapat diagunkan dengan gadai atau jaminan  fidusia sepanjang tidak ditentukan lain dalam anggaran  dasar.  (3) Gadai saham atau jaminan fidusia atas saham yang telah  didaftarkan sesuai dengan ketentuan peraturan  perundangundangan wajib dicatat dalam daftar  pemegang saham dan daftar khusus sebagaimana  dimaksud dalam Pasal 50.  (4) Hak suara atas saham yang diagunkan dengan gadai atau  jaminan fidusia tetap berada pada pemegang saham.        Pasal 61 . . .    31  
UU No 40 Tahun 2007,1004007,PASAL 61,100400700061,"(1) Setiap pemegang saham berhak mengajukan gugatan  terhadap Perseroan ke pengadilan negeri apabila dirugikan  karena tindakan Perseroan yang dianggap tidak adil dan  tanpa alasan wajar sebagai akibat keputusan RUPS,  Direksi, dan/atau Dewan Komisaris.  (2) Gugatan sebagaimana dimaksud pada ayat (1) diajukan ke  pengadilan negeri yang daerah hukumnya meliputi tempat kedudukan Perseroan."
UU No 40 Tahun 2007,1004007,PASAL 62,100400700062,"(1) Setiap pemegang saham berhak meminta kepada  Perseroan agar sahamnya dibeli dengan harga yang wajar  apabila yang bersangkutan tidak menyetujui tindakan Perseroan yang merugikan pemegang saham atau  Perseroan, berupa:  a. perubahan anggaran dasar;  b. pengalihan atau penjaminan kekayaan Perseroan yang  mempunyai nilai lebih dari  50 % (lima puluh persen) kekayaan bersih Perseroan; atau  c. Penggabungan, Peleburan, Pengambilalihan, atau  Pemisahan.  (2) Dalam hal saham yang diminta untuk dibeli sebagaimana  dimaksud pada ayat (1) melebihi batas ketentuan pembelian kembali saham oleh Perseroan sebagaimana  dimaksud dalam Pasal 37  ayat (1) huruf b, Perseroan  wajib mengusahakan agar sisa saham dibeli oleh pihak  ketiga.      BAB IV : RENCANA KERJA, LAPORAN TAHUNAN, DAN PENGGUNAAN LABA    Bagian Kesatu   Rencana Kerja"
UU No 6 Tahun 2023,1000623,PASAL 1,100062300001,"Peraturan Pemerintah Pengganti UndangUndang Nomor 2 Tahun 2022 tentang Cipta Kerja (Lembaran Negara Republik Indonesia Tahun 2022 Nomor 238, Tambahan Lembaran Negara Republik Indonesia Nomor 6841) ditetapkan menjadi UndangUndang dan melampirkannya sebagai bagian yang tidak terpisahkan dari UndangUndang ini."
UU No 6 Tahun 2023,1000623,PASAL 2,100062300002,"UndangUndang ini mulai berlaku pada tanggal diundangkan SK No 176003 AAgar REPUBLIK TNDONESTA 4, Agar setizrp pengundangan penempatannya Indonesia.orang mengetahuinya, memerintahkar, UndangUndang ini dengandalam Lembaran Negare.. Republik"
